Lon,Lat,HF,IsoCorrAnomaly,MeanCurv,MeanCurvGrad,SI_TopoIso,LAB,LAB_LitMod,LAB_LitMod_Aus17,LAB_AN1,LABGrad,Moho,Moho_AN1,Moho_AN1_Aus17_Afr,Moho_LitMod_Aus17_Afr,MohoGrad,Topo,TopoGrad,Tectonics,TectonicsGrad,Ridge,Transform,Trench,YoungRift,Volcanos,MagAnomaly,Sus,Sus_AN1,Sus_AN1_Aus17_Afr,Sus_LitMod_Aus17_Afr,SusGrad,Bz5,Bz5Grad,Bz400,Curie,Methane,IceTopography
75,39.5,42.291,-44.49337959,-0.018923383,8.34E-08,-0.549491067,98.75717545,98.75717545,98.75717545,98.75717545,0.00016946,52.22499847,52.22499847,52.22499847,52.22499847,1.78E-05,2120.25,0.035555687,2,5.91E-06,2973,1772.5,537.9499817,845.0999756,638.0585022,50065.05676,0.013875066,0.013863476,0.013863476,0.013863476,8.29E-08,-5.960299969,0.000111212,-3.757499933,40.78378105,1853.52948,0
76.5,38.5,54.886,-56.46424294,-0.022939896,7.42E-08,-0.505870033,89.9438324,89.9438324,89.9438324,89.9438324,0.000187901,51.91999817,51.91999817,51.91999817,51.91999817,1.30E-05,1690.25,0.028602234,1,4.29E-06,2956,1745,496.6000061,682.2000122,468.9930038,-27.2564621,0.00634466,0.006336221,0.006336221,0.006336221,2.32E-07,-34.52610016,0.001321672,-0.720300019,41.92130661,1845.927002,0
77,38,40.281,-72.79225159,-0.018646522,1.56E-07,-0.444782074,106.9172497,106.9172497,106.9172497,106.9172497,0.000217226,51.53999996,51.53999996,51.53999996,51.53999996,1.12E-05,1440.75,0.012252833,1,3.37E-06,2965.5,1726.75,485.7000122,614.5250092,396.3210144,24989.43558,0.017577156,0.017531168,0.017531168,0.017531168,5.42E-07,-0.559499919,0.001036608,-0.091179997,42.43629837,1843.630768,0
77.5,37,35.817,56.07350159,0.001170338,1.77E-07,0.094407769,131.3889809,131.3889809,131.3889809,131.3889809,0.000215589,51.23999977,51.23999977,51.23999977,51.23999977,7.24E-06,3259.249998,0.19199146,1,1.41E-06,2988,1668,448.3500061,494.1500092,293.6194916,49997.02464,0.013252251,0.01322938,0.01322938,0.01322938,2.55E-07,87.68000031,0.000679048,-1.19780004,41.21274185,1846.007507,0
77.5,37.5,36.112,-16.28855515,-0.010514253,2.22E-07,-0.351194013,120.8156357,120.8156357,120.8156357,120.8156357,0.000212605,51.40999985,51.40999985,51.40999985,51.40999985,7.14E-06,1802,0.014887711,1,2.11E-06,2975,1710,480.2000122,543.4000244,330.4085007,-4.950725079,0.020648048,0.020627106,0.020627106,0.020627106,6.48E-07,84.49549866,0.000586665,0.019851999,41.49408245,1837.383057,0
78,37,41.6,51.09719086,0.000677731,2.21E-07,0.096044801,123.25807,123.25807,123.25807,123.25807,0.000208944,51.21249962,51.21249962,51.21249962,51.21249962,9.06E-06,4041.749999,0.193697272,1,1.12E-06,2958.25,1698,480.6000061,477.0000076,256.7139893,49994.1754,0.008932083,0.008919345,0.008919345,0.008919345,2.59E-07,62.63624954,0.001064678,-0.460350007,39.007061,1842.838501,0
78,39.5,44.919,-32.22393417,-0.009997497,1.61E-07,-0.252590601,102.83078,102.83078,102.83078,102.83078,0.000250859,48.46500015,48.46500015,48.46500015,48.46500015,2.41E-05,1139,0.000438471,2,4.59E-06,2786,1912,665.5499878,740.75,483.4300079,98.29693985,0.019694048,0.019684213,0.019684213,0.019684213,4.68E-08,160.5124969,0.000583144,2.932800055,38.42685509,1848.255005,0
79.5,37.5,38.598,-52.88626194,-0.017649159,1.39E-07,-0.625069232,98.59147644,98.59147644,98.59147644,98.59147644,0.000162956,50.29999924,50.29999924,50.29999924,50.29999924,2.31E-05,1293,0.00105557,1,3.81E-06,2855,1829,615.7000122,497.6000061,233.4150009,67.25797272,0.028495914,0.02848539,0.02848539,0.02848539,1.39E-07,82.15875244,0.000915786,2.798399925,38.76846313,1836.807007,0
79.5,39.5,52.512,-19.86712074,-0.009524677,8.12E-08,-0.204733589,133.7588348,133.7588348,133.7588348,133.7588348,9.80E-05,45.59000015,45.59000015,45.59000015,45.59000015,2.85E-05,1116.75,0.000700437,2,3.91E-06,2694,1992,755.7000122,719.7000122,448.7842407,54.47550201,0.020875021,0.020902762,0.020902762,0.020902762,1.29E-08,150.3825073,0.000996739,5.182099819,40.73248482,1839.199951,0
80.5,38.5,52.652,-21.31727314,-0.013456305,4.51E-08,-0.37823221,113.5208969,113.5208969,113.5208969,113.5208969,0.000256924,46.91999817,46.91999817,46.91999817,46.91999817,2.74E-05,1189.75,0.001231982,1,3.97E-06,2714,1970,757.2000122,609.4000244,335.2637482,109.9063721,0.021520182,0.021530956,0.021530956,0.021530956,1.24E-07,147.8625031,0.001399451,5.605199814,40.89100456,1828.852051,0
81,39.5,47.46,-35.44342709,-0.024150169,2.10E-07,-0.556362612,128.266037,128.266037,128.266037,128.266037,0.000235033,43.6799984,43.6799984,43.6799984,43.6799984,2.26E-05,1092,0.000853308,2,3.89E-06,2604,2080,858.0500183,726.1499939,447.9499969,9.411270618,0.02306029,0.02322316,0.02322316,0.02322316,1.05E-08,100.0505066,0.001155827,5.771100044,42.84648895,1830.294495,0
81.5,41,43.296,-91.59621811,-0.042290118,1.49E-07,-0.78707125,144.6699677,144.6699677,144.6699677,144.6699677,0.000161878,42.31999969,42.31999969,42.31999969,42.31999969,6.44E-06,1002.25,0.000967982,1,4.02E-06,2456.5,2230,994.5,748.8500061,620.8974915,-53.56907272,0.026379041,0.026457824,0.026457824,0.026457824,2.69E-09,26.80684853,0.001437737,2.827899933,42.30476952,1848.765991,0
82,40,36.21,-86.61127472,-0.042210674,1.57E-07,-0.782224509,122.1012077,122.1012077,122.1012077,122.1012077,0.000251274,43.84749889,43.84749889,43.84749889,43.84749889,2.13E-05,1035.75,0.001123985,1,3.70E-06,2504.75,2124,958.6000061,729.8000031,522.3179932,28.46380925,0.024255442,0.02438102,0.02438102,0.02438102,8.87E-08,78.69974518,0.00069076,4.886499882,44.52355576,1837.560761,0
82.5,38.5,36.921,-41.32272625,-0.018923881,1.20E-07,-0.642907217,79.36438751,79.36438751,79.36438751,79.36438751,0.000212493,47.5,47.5,47.5,47.5,2.15E-05,1172.25,0.002830225,2,4.83E-06,2597,1986,873.7000122,646.2000122,391.916748,74.29231262,0.020049149,0.020061369,0.020061369,0.020061369,9.25E-09,48.00424957,0.000995413,4.337900162,41.39231205,1831.879028,0
82.5,41.5,36.986,-82.32172394,-0.041135596,1.85E-07,-0.91586802,137.4218597,137.4218597,137.4218597,137.4218597,9.93E-05,42.40000153,42.40000153,42.40000153,42.40000153,1.03E-05,1000.75,0.001054508,1,2.95E-06,2357,2217,1093,652.2000122,695.3437347,-55.86977768,0.024320936,0.024357426,0.024357426,0.024357426,1.28E-07,-31.2812252,0.001505678,1.755100012,41.74845409,1853.041016,0
82.5,42,51.596,-74.10021973,-0.029771167,2.20E-07,-0.881052081,140.6083298,140.6083298,140.6083298,140.6083298,0.000185476,42.08500099,42.08500099,42.08500099,42.08500099,7.15E-06,1552,0.04344942,1,2.83E-06,2319.5,2258,1130,637.1499939,748.2399902,-45.40179634,0.012590626,0.012620009,0.012620009,0.012620009,2.12E-07,-91.72525024,0.000450945,1.04550004,40.96796226,1857.726501,0
83,40,40.2,-74.43789673,-0.04585816,1.26E-07,-0.832645172,106.3114414,106.3114414,106.3114414,106.3114414,0.000241191,45.64749908,45.64749908,45.64749908,45.64749908,2.70E-05,1004.25,0.001624373,1,2.97E-06,2445.25,2068.25,1023.5,672,555.21698,103.5255413,0.022475769,0.022461895,0.022461895,0.022461895,6.71E-08,99.34550476,0.000574045,4.411799908,44.16106033,1838.760529,0
83,42,43.69,-58.51977539,-0.031234799,2.11E-07,-0.857798944,144.9635544,144.9635544,144.9635544,144.9635544,0.00016734,42.23250103,42.23250103,42.23250103,42.23250103,1.04E-05,1716.25,0.069558257,1,1.88E-06,2289,2229.75,1161.75,597.1000061,759.742981,-60.46856403,0.01954415,0.019623896,0.019623896,0.019623896,2.17E-07,-111.9524994,0.00041392,0.994499981,41.65523148,1858.376495,0
83.5,32.5,95.018,-15.94240522,-0.001088259,6.98E-09,-0.051204734,116.6293945,116.6293945,116.6293945,116.6293945,5.76E-05,57.90999985,57.90999985,57.90999985,57.90999985,3.41E-05,4753,0.021394688,2,5.88E-06,2308,1515,454.2000122,62.70000076,455.4905014,99999,0.005895302,0.00588964,0.00588964,0.00588964,3.47E-09,-0.851200104,0.000377748,-6.838900089,34.00183916,1848.572021,0
83.5,41,41.737,-98.4515419,-0.049821113,7.55E-08,-0.862535894,128.3696747,128.3696747,128.3696747,128.3696747,0.000221122,44.29500008,44.29500008,44.29500008,44.29500008,2.45E-05,948,0.000985953,1,1.78E-06,2336,2119.5,1127.5,590.3500061,674.6219788,-67.47179794,0.02332048,0.023351042,0.023351042,0.023351042,1.52E-08,7.954499722,0.001846259,2.488600016,42.80078506,1850.24353,0
83.5,41.5,44.663,-76.3705492,-0.042537745,1.77E-07,-0.921042798,140.0611877,140.0611877,140.0611877,140.0611877,0.000205996,43.06000137,43.06000137,43.06000137,43.06000137,2.03E-05,955.25,0.00088814,1,1.36E-06,2297,2161,1159,572.4000244,725.141983,-99.96398926,0.023937,0.023980195,0.023980195,0.023980195,1.11E-08,-96.45425415,0.001310492,1.596600056,42.5642004,1855.052002,0
83.5,42,43.438,-54.2895565,-0.031327516,2.11E-07,-0.8361896,149.318779,149.318779,149.318779,149.318779,0.000149204,42.38000107,42.38000107,42.38000107,42.38000107,1.37E-05,1730.75,0.042994687,1,9.42E-07,2258.5,2201.5,1193.5,557.0500183,775.6619873,-75.53533173,0.019454139,0.019532805,0.019532805,0.019532805,1.70E-07,-125.0749969,0.000229836,0.957790017,42.32761574,1859.026489,0
84,38.5,54.042,-43.30247498,-0.020605757,1.71E-07,-0.876717572,73.26215363,73.26215363,73.26215363,73.26215363,0.000100585,49.375,49.375,49.375,49.375,1.42E-05,1179,0.005554607,2,4.56E-06,2511.5,1889.5,963.8000183,645.8499756,474.2599945,57.67875481,0.020142196,0.020122527,0.020122527,0.020122527,3.52E-08,58.20949936,0.000656509,2.545399904,39.23445511,1832.661987,0
84,39.5,52.03,-66.75177383,-0.039873417,1.60E-07,-0.882593227,91.02542496,91.02542496,91.02542496,91.02542496,0.000227903,48.60499954,48.60499954,48.60499954,48.60499954,2.08E-05,1053.5,0.004293258,1,3.02E-06,2427.5,1968,1043.5,623.3500061,555.7554932,177.1319122,0.02059289,0.020488062,0.020488062,0.020488062,3.76E-08,70.15049744,0.000655322,3.872900009,42.28913879,1833.880981,0
84,41,42.51,-90.63665009,-0.049306103,8.58E-08,-0.87185738,134.3933525,134.3933525,134.3933525,134.3933525,0.000224799,44.92999935,44.92999935,44.92999935,44.92999935,2.42E-05,940,0.000606046,1,1.12E-06,2306.5,2091,1159.5,551.2750015,693.1989746,-93.88424873,0.023380964,0.023378948,0.023378948,0.023378948,2.43E-08,-7.464250565,0.001866314,2.34190011,43,1849.676025,0
84,41.5,44.301,-70.34799385,-0.041676941,1.81E-07,-0.91558019,145.6793442,145.6793442,145.6793442,145.6793442,0.000186418,43.625,43.625,43.625,43.625,2.18E-05,934,0.000462489,1,5.62E-07,2267,2132.5,1193.5,532.9000092,742.3899841,-118.7081451,0.024045099,0.024074343,0.024074343,0.024074343,1.58E-08,-108.9502487,0.001011402,1.526100039,43,1854.731995,0
84.5,38,49.964,-31.74975967,-0.011445575,1.47E-07,-0.593167046,74.50458527,74.50458527,74.50458527,74.50458527,8.76E-05,50.52000046,50.52000046,50.52000046,50.52000046,1.18E-05,1265.75,0.001695006,2,5.33E-06,2526.5,1819.5,960.4500122,575.5499878,472.3280029,10.67567062,0.026057449,0.026065989,0.026065989,0.026065989,2.06E-07,24.09675026,0.000688183,0.536559999,35.74965477,1836.231995,0
84.5,38.5,41.223,-42.32811928,-0.020844392,1.81E-07,-0.891808623,75.0858078,75.0858078,75.0858078,75.0858078,9.61E-05,49.86000061,49.86000061,49.86000061,49.86000061,1.03E-05,1192.5,0.002381245,2,4.75E-06,2483,1858,995.4000244,625.0999756,507.7484894,64.20769501,0.020821333,0.020814968,0.020814968,0.020814968,4.49E-09,28.5407505,0.000577298,1.887799978,37.95242596,1834.692993,0
84.5,39.5,48.952,-68.66551018,-0.040621639,1.56E-07,-0.875496899,93.62353516,93.62353516,93.62353516,93.62353516,0.000250797,49.34999847,49.34999847,49.34999847,49.34999847,1.42E-05,1035.5,0.004176932,1,3.60E-06,2399,1938,1072,587.5,584.454483,75.50720215,0.021279162,0.021200058,0.021200058,0.021200058,7.84E-09,67.25299835,0.000881815,3.392100096,40.64331055,1833.760986,0
84.5,40,42.047,-84.42454147,-0.047776518,9.44E-08,-0.846305148,111.5800476,111.5800476,111.5800476,111.5800476,0.000270455,48.14499855,48.14499855,48.14499855,48.14499855,1.94E-05,973.9999998,0.010137417,1,3.03E-06,2358,1979.5,1113.5,559.25,625.7399902,-13.81694794,0.022686968,0.022587193,0.022587193,0.022587193,4.36E-08,121.8399963,0.000302598,3.386300087,41.13142395,1838.78302,0
84.5,41,44.239,-100.3393745,-0.048113742,1.02E-07,-0.88230778,140.4170303,140.4170303,140.4170303,140.4170303,0.000228476,45.56499863,45.56499863,45.56499863,45.56499863,2.40E-05,925.25,0.000447508,1,1.89E-06,2277,2062.5,1191.5,512.1999969,716.0029907,-120.2966995,0.024189895,0.024184538,0.024184538,0.024184538,1.83E-08,-7.295499802,0.001843312,2.209399939,42.35961151,1849.108521,0
84.5,41.5,43.874,-75.3717165,-0.040270566,1.86E-07,-0.901778404,151.2975006,151.2975006,151.2975006,151.2975006,0.000166839,44.18999863,44.18999863,44.18999863,44.18999863,2.33E-05,923,0.000247423,1,1.32E-06,2237,2104,1228,493.3999939,763.705246,-137.452301,0.024154004,0.024168566,0.024168566,0.024168566,1.24E-08,-104.0822449,0.000897575,1.486099958,42.67980576,1854.411987,0
84.5,42,45.997,-50.40405846,-0.029191246,2.05E-07,-0.767352162,155.1019363,155.1019363,155.1019363,155.1019363,0.000122652,43.27499962,43.27499962,43.27499962,43.27499962,1.86E-05,1122.5,0.028577105,1,7.56E-07,2198.5,2144.5,1260,477.5,811.4075012,-97.71335411,0.01979394,0.019853072,0.019853072,0.019853072,2.41E-07,-106.0267487,0.000599056,0.994509995,43,1857.984985,0
85,42,42.966,-50.7487793,-0.027848798,1.90E-07,-0.723422971,155.0292931,155.0292931,155.0292931,155.0292931,0.000124643,43.66499996,43.66499996,43.66499996,43.66499996,1.75E-05,974.75,0.012901447,1,1.51E-06,2168.75,2116.75,1293.25,437.4499969,831.2340088,-105.5247965,0.00966751,0.009690467,0.009690467,0.009690467,2.65E-07,-98.29425049,0.000464653,1.090499997,43,1857.800751,0
87,39,56.248,-76.22538757,-0.030588836,1.51E-07,-0.765225951,89.64309502,89.64309502,89.64309502,89.64309502,0.000188416,48.85749912,48.85749912,48.85749912,48.85749912,8.87E-06,972.0000001,0.002982423,2,4.16E-06,2303,1755.5,1201.5,474.6249924,714.6989746,80.38839912,0.024295256,0.024289891,0.024289891,0.024289891,1.97E-08,-41.19449997,0.000748583,0.185389996,35.26480484,1839.881226,0
87.5,39.5,52.318,-84.08406067,-0.035141955,8.68E-08,-0.748617894,99.12789917,99.12789917,99.12789917,99.12789917,0.000292588,48.41999817,48.41999817,48.41999817,48.41999817,6.51E-06,882.4999997,0.013059606,2,3.84E-06,2232,1768,1268,402,782.2019959,91.33181763,0.023094894,0.023090879,0.023090879,0.023090879,1.97E-08,57.86849976,0.001843698,0.744390011,36.96655846,1838.844971,0
88,40,49.056,-80.4808197,-0.033824172,6.39E-08,-0.738063172,117.4704819,117.4704819,117.4704819,117.4704819,0.000257465,48.13499928,48.13499928,48.13499928,48.13499928,7.23E-06,848.9999995,0.015391981,2,3.70E-06,2162.5,1783.75,1336.25,335.0749969,846.4520264,57.78844166,0.024637729,0.024625291,0.024625291,0.024625291,6.99E-08,158.2675018,0.001293984,1.088500023,39.38987732,1842.890228,0
88,40.5,36.001,-48.63092422,-0.029614654,1.18E-07,-0.793989684,139.0160675,139.0160675,139.0160675,139.0160675,0.000227301,47.86499977,47.86499977,47.86499977,47.86499977,1.02E-05,842.25,0.000586672,2,3.72E-06,2119.5,1827,1369,289.8499908,879.5065002,52.60070992,0.019199181,0.019195627,0.019195627,0.019195627,3.86E-07,171.2750092,0.001056476,1.553599954,40.14001656,1843.552979,0
88.5,34,66.68,-50.26630783,-0.021503495,5.37E-08,-0.861967038,115.6254082,115.6254082,115.6254082,115.6254082,7.51E-05,61.84000015,61.84000015,61.84000015,61.84000015,2.72E-05,5260.999999,0.066009231,3,0,2228,1251.5,766.6500244,138.4500046,776.1400146,99999,0.005614991,0.005593207,0.005593207,0.005593207,2.55E-09,12.46102524,0.000185243,-6.302000046,23.68121147,1856.054504,0
90,32,140,-18.09791946,-0.010125496,4.97E-08,-0.475229901,120.7602634,120.7602634,120.7602634,120.7602634,2.89E-05,64.0474987,64.0474987,64.0474987,64.0474987,1.45E-05,4669.75,0.017155764,3,0,1970.75,997.6750031,558.5250015,186.4750004,985.6519775,-15.39158487,0.005347662,0.005363271,0.005363271,0.005363271,2.14E-09,21.56800079,0.000112263,-3.358500004,26.99694633,1848.14801,0
90.5,28.5,112.377,-4.390347004,0.012487833,1.72E-07,0.373271759,97.8446579,97.8446579,97.8446579,97.8446579,0.000150045,70.44999695,70.44999695,70.44999695,70.44999695,2.21E-05,5087.75,0.058784176,3,4.46E-06,1589,709.9000244,172.6000061,50.22000122,846.3317413,51.65664673,0.004159109,0.004136163,0.004136163,0.004136163,1.39E-09,14.36004925,0.001003966,5.042300224,37.47785282,1845.473999,0
90.5,29,128.903,-21.35575962,0.002678789,1.79E-07,0.102879724,104.4641533,104.4641533,104.4641533,104.4641533,0.000121248,69.9849968,69.9849968,69.9849968,69.9849968,2.24E-05,4485.75,0.014637066,3,3.35E-06,1640.5,742.8500061,228.25,38.28000069,886.0159912,-13.23197937,0.004160577,0.004126008,0.004126008,0.004126008,6.30E-10,2.198075056,0.000539563,3.648000002,35.30156517,1840.047485,0
90.5,30,110.683,-50.74484921,-0.012560792,8.08E-08,-0.422876711,114.7146263,114.7146263,114.7146263,114.7146263,6.89E-05,67.69999695,67.69999695,67.69999695,67.69999695,2.28E-05,4683.749995,0.2534785,3,1.12E-06,1744.5,812.6499939,339.5,38.18499947,949.4049988,-49.75756836,0.00360343,0.003604974,0.003604974,0.003604974,5.34E-08,41.90049744,0.000383037,1.005100012,30.65239334,1834.937988,0
90.5,38.5,56.825,-40.1277895,-0.024852405,1.13E-07,-0.753176022,70.93391418,70.93391418,70.93391418,70.93391418,5.69E-05,47.43999863,47.43999863,47.43999863,47.43999863,6.74E-06,4157,0.08936746,3,2.25E-06,2168,1520,1214,393.2999878,973.0082703,41.82021332,0.018114021,0.018193207,0.018193207,0.018193207,2.03E-08,-42.20175171,0.000205992,-3.40809989,32.64416027,1855.750977,0
90.5,43,45.072,-92.91217041,-0.026255136,3.59E-08,-0.767236402,83.46421433,83.46421433,83.46421433,83.46421433,0.000146504,47.31500053,47.31500053,47.31500053,47.31500053,1.16E-05,516.25,0.007934081,2,1.93E-06,1774,1952,1684,1.86000061,929.6744995,36.36737061,0.012603095,0.012595168,0.012595168,0.012595168,1.27E-08,53.34174728,0.000523795,3.113800049,37.17271614,1856.620483,0
91,29,126.459,-5.319261551,0.00418741,1.72E-07,0.188600731,102.5550175,102.5550175,102.5550175,102.5550175,0.000137893,70.14999771,70.14999771,70.14999771,70.14999771,2.39E-05,4602.5,0.063328583,2,3.91E-06,1624.25,704.6499939,231.2500038,81.91499805,851.6560059,-21.14616442,0.004148258,0.004102255,0.004102255,0.004102255,3.28E-10,-49.03549957,0.001261816,4.355100155,36.37188339,1841.803497,0
91,30,85.763,-26.21775627,-0.011882069,1.02E-07,-0.450786379,113.3352013,113.3352013,113.3352013,113.3352013,8.09E-05,68.1024971,68.1024971,68.1024971,68.1024971,2.08E-05,4388.499997,0.170514372,3,2.25E-06,1729.25,777.1749878,342.375,74.94249821,908.6279907,-46.23498815,0.004642723,0.004637371,0.004637371,0.004637371,3.39E-08,42.10425186,0.000174819,1.56219995,32.23160934,1839.717743,0
91,30.5,146.778,-29.29879665,-0.015732347,4.03E-08,-0.550286484,116.92173,116.92173,116.92173,116.92173,5.59E-05,66.2899971,66.2899971,66.2899971,66.2899971,2.18E-05,4899.500004,0.231553912,3,1.69E-06,1782,815.0499878,397.9499969,80.36499786,941.7749939,-10.0803355,0.00513128,0.00514386,0.00514386,0.00514386,1.74E-09,-0.327749968,0.000755801,0.316909999,30.49171066,1841.150513,0
91,37.5,56.626,-60.32534981,-0.029898102,1.16E-07,-0.924214217,70.5622406,70.5622406,70.5622406,70.5622406,3.72E-05,48.94499969,48.94499969,48.94499969,48.94499969,1.95E-05,4320.25,0.038731573,3,1.69E-06,2238.5,1405,1094.5,492.4500122,990.2875061,50012.56733,0.006053489,0.006083311,0.006083311,0.006083311,2.27E-09,-16.08679962,0.000507195,-4.675000191,30.24217796,1858.502991,0
91,37.5,43.832,-60.32534981,-0.029898102,1.16E-07,-0.924214217,70.5622406,70.5622406,70.5622406,70.5622406,3.72E-05,48.94499969,48.94499969,48.94499969,48.94499969,1.95E-05,4320.25,0.038731573,3,1.69E-06,2238.5,1405,1094.5,492.4500122,990.2875061,50012.56733,0.006053489,0.006083311,0.006083311,0.006083311,2.27E-09,-16.08679962,0.000507195,-4.675000191,30.24217796,1858.502991,0
91,38,56.219,-79.81199646,-0.0309248,1.37E-07,-0.924137091,70.70822334,70.70822334,70.70822334,70.70822334,4.28E-05,48.59999943,48.59999943,48.59999943,48.59999943,1.89E-05,2866,0.003874798,3,2.25E-06,2191.5,1450.75,1146.25,437.875,999.5319824,25009.8818,0.008699394,0.008774561,0.008774561,0.008774561,2.44E-07,-45.54049683,0.000461257,-4.177599907,31.01788902,1857.561981,0
91.5,37.5,57.805,-65.82244301,-0.034810898,1.28E-07,-0.944647591,69.90036011,69.90036011,69.90036011,69.90036011,2.59E-05,49.41999817,49.41999817,49.41999817,49.41999817,2.03E-05,3677.500001,0.053756194,3,1.69E-06,2215,1379,1078,483.7000122,1033.780014,26.13465691,0.005988294,0.006006341,0.006006341,0.006006341,2.45E-09,-29.59549904,0.000572816,-4.57310009,30.99457455,1856.688965,0
91.5,37.5,51.097,-65.82244301,-0.034810898,1.28E-07,-0.944647591,69.90036011,69.90036011,69.90036011,69.90036011,2.59E-05,49.41999817,49.41999817,49.41999817,49.41999817,2.03E-05,3677.500001,0.053756194,3,1.69E-06,2215,1379,1078,483.7000122,1033.780014,26.13465691,0.005988294,0.006006341,0.006006341,0.006006341,2.45E-09,-29.59549904,0.000572816,-4.57310009,30.99457455,1856.688965,0
91.5,38,48.138,-93.52046204,-0.036794729,1.25E-07,-0.930079218,70.33742905,70.33742905,70.33742905,70.33742905,3.29E-05,49.24499893,49.24499893,49.24499893,49.24499893,2.51E-05,3309.25,0.012211704,3,2.25E-06,2168,1426,1130,428.5,1042.375,-0.646501541,0.005340161,0.005366476,0.005366476,0.005366476,1.16E-07,-58.52674866,0.000259958,-4.173999786,31.73346043,1857.089966,0
91.5,38.5,53.227,-63.33499336,-0.034991775,1.18E-07,-0.834328844,70.77449799,70.77449799,70.77449799,70.77449799,3.99E-05,49.06999969,49.06999969,49.06999969,49.06999969,2.98E-05,2715.5,0.003655953,3,2.25E-06,2121,1473,1182,373.2999878,1056.585022,-27.42765999,0.017545671,0.017597727,0.017597727,0.017597727,1.34E-07,-53.76499939,0.000419785,-3.664700031,33.79818296,1857.490967,0
92,29.5,77.172,-29.08899117,-0.004948308,1.75E-07,-0.259512655,103.7291527,103.7291527,103.7291527,103.7291527,0.000115484,69.43499756,69.43499756,69.43499756,69.43499756,1.74E-05,5142.000002,0.068278952,2,4.76E-06,1648,669.2999878,279.5500031,157.2999954,798.9274902,-89.97006607,0.003962436,0.003945879,0.003945879,0.003945879,8.90E-09,-3.631999493,0.001211916,4.224400043,39.58935165,1848.671997,0
92,34,53.772,-26.95859146,-0.0211703,2.94E-08,-0.808350011,102.8366127,102.8366127,102.8366127,102.8366127,8.02E-05,61.93250084,61.93250084,61.93250084,61.93250084,3.71E-05,4782.75,0.031544232,3,0,2134.5,1043.024994,702.7000122,429.25,1089.748047,-3.329732701,0.00548196,0.00544796,0.00544796,0.00544796,3.13E-09,15.45575047,8.92E-05,-3.933000088,33.58021545,1853.158966,0
92,36.5,49.385,-37.21181107,-0.027001056,9.44E-08,-0.776134882,76.90823746,76.90823746,76.90823746,76.90823746,8.28E-05,51.48999977,51.48999977,51.48999977,51.48999977,1.94E-05,4062.750001,0.045890396,3,5.62E-07,2289.5,1262.5,958.4500122,553.5,1067.038025,43.49635172,0.007931584,0.007942181,0.007942181,0.007942181,2.57E-07,2.049292564,0.000136671,-4.750899792,31.10977745,1852.394531,0
92,37.5,40.988,-71.31953621,-0.039494113,1.33E-07,-0.971368855,70.82526779,70.82526779,70.82526779,70.82526779,3.89E-05,50.44499969,50.44499969,50.44499969,50.44499969,2.22E-05,3135.5,0.012876055,3,1.69E-06,2192.5,1355.5,1063.5,482.2000122,1077.272522,7.357969761,0.005493235,0.00550892,0.00550892,0.00550892,2.00E-08,-39.79450226,0.00041941,-4.436699867,31.74697113,1860.151978,0
92,38,46.166,-107.2289276,-0.041660081,1.00E-07,-0.926036661,70.85739326,70.85739326,70.85739326,70.85739326,5.11E-05,50.64750004,50.64750004,50.64750004,50.64750004,3.06E-05,2705.75,0.019879039,3,2.25E-06,2145.25,1403.25,1116.25,426.9000015,1085.218018,0.518533707,0.005012076,0.00503149,0.00503149,0.00503149,1.17E-07,-58.03475189,0.000152891,-4.132400036,32.44903183,1858.997467,0
92,38.5,49.95,-72.58387375,-0.038783119,1.04E-07,-0.854595876,70.88951874,70.88951874,70.88951874,70.88951874,6.32E-05,50.85000038,50.85000038,50.85000038,50.85000038,3.91E-05,2721.75,0.001418566,3,2.25E-06,2098,1451,1169,371.5999908,1098.577026,-6.320902348,0.017004334,0.017057396,0.017057396,0.017057396,1.30E-07,-41.43424988,0.000679399,-3.729300022,34.64439583,1857.842957,0
92.5,37.5,46.77,-84.64606953,-0.043418573,1.11E-07,-0.967605623,71.75017548,71.75017548,71.75017548,71.75017548,5.19E-05,51.47000122,51.47000122,51.47000122,51.47000122,2.41E-05,2829.25,0.008683183,3,1.69E-06,2170,1332,1049,480.7000122,1120.913757,-11.41871738,0.005005447,0.005011335,0.005011335,0.005011335,2.34E-09,-37.07025146,0.000355791,-4.279500008,32.5367527,1863.61499,0
92.5,37.5,63.157,-84.64606953,-0.043418573,1.11E-07,-0.967605623,71.75017548,71.75017548,71.75017548,71.75017548,5.19E-05,51.47000122,51.47000122,51.47000122,51.47000122,2.41E-05,2829.25,0.008683183,3,1.69E-06,2170,1332,1049,480.7000122,1120.913757,-11.41871738,0.005005447,0.005011335,0.005011335,0.005011335,2.34E-09,-37.07025146,0.000355791,-4.279500008,32.5367527,1863.61499,0
92.5,38,53.217,-113.9210434,-0.045038998,6.50E-08,-0.919313636,71.37735748,71.37735748,71.37735748,71.37735748,6.93E-05,52.05000114,52.05000114,52.05000114,52.05000114,3.62E-05,2722.25,0.005310737,3,2.25E-06,2122.5,1380.5,1102.5,425.3000031,1128.28302,1.683568954,0.004685191,0.004683471,0.004683471,0.004683471,1.09E-07,-45.19249725,0.000396193,-4.066699982,33.44667625,1860.904968,0
92.5,38.5,33.013,-75.05504608,-0.040770673,1.11E-07,-0.871458224,71.00453949,71.00453949,71.00453949,71.00453949,8.66E-05,52.63000107,52.63000107,52.63000107,52.63000107,4.83E-05,2704,0.000969424,3,2.34E-06,2075,1429,1156,369.8999939,1131.579773,14.78585529,0.016437354,0.016425606,0.016425606,0.016425606,1.98E-07,-20.45072365,0.00076051,-3.767299891,34.91658974,1858.194946,0
93,37.5,51.842,-97.97260284,-0.045898311,8.34E-08,-0.940807922,74.65928268,74.65928268,74.65928268,74.65928268,7.36E-05,52.5150013,52.5150013,52.5150013,52.5150013,2.97E-05,2757.75,0.00358154,3,1.69E-06,2149,1311,1038,473.9000092,1164.554993,-8.082698107,0.004906779,0.004906171,0.004906171,0.004906171,2.77E-09,-17.81984901,0.0005698,-4.118400097,33.32653427,1861.257507,0
93,43.5,48.768,-64.36004066,-0.02557573,3.86E-08,-0.922437563,62.84639359,62.84639359,62.84639359,62.84639359,7.95E-05,47.57500076,47.57500076,47.57500076,47.57500076,5.38E-06,3405.250001,0.196819865,2,3.17E-06,1597.5,1925,1691.5,6.5200001,745.2774963,-1.398021698,0.011488446,0.011488895,0.011488895,0.011488895,7.04E-09,-21.82044983,0.001031322,2.397599936,33.74517822,1862.098511,0
93.5,37.5,27.924,-99.6140976,-0.046622127,4.96E-08,-0.915660778,77.56838989,77.56838989,77.56838989,77.56838989,9.52E-05,53.56000137,53.56000137,53.56000137,53.56000137,3.53E-05,2693.25,0.000470312,3,1.69E-06,2128,1290,1027,467.1000061,1199.935242,-4.746678829,0.0048165,0.004815854,0.004815854,0.004815854,3.29E-09,10.23082542,0.000663056,-3.970400095,33.41473579,1858.900024,0
93.5,38,45.924,-110.4375305,-0.045674654,8.62E-08,-0.91761201,81.70480347,81.70480347,81.70480347,81.70480347,0.000178092,55.5150013,55.5150013,55.5150013,55.5150013,4.97E-05,2813.75,0.022604076,3,2.25E-06,2079,1340.5,1081.5,411.6000061,1197.836487,-9.503712893,0.004397081,0.004367887,0.004367887,0.004367887,1.24E-08,-12.6413002,0.000218928,-3.927599907,34.38372231,1857.005005,0
93.5,38.5,42.012,-70.61431503,-0.039260119,1.44E-07,-0.9200878,85.84121704,85.84121704,85.84121704,85.84121704,0.000260965,57.47000122,57.47000122,57.47000122,57.47000122,6.41E-05,2740.25,0.003423959,3,2.52E-06,2030,1391,1136,356.1000061,1168.734985,-14.26074696,0.00958142,0.009527797,0.009527797,0.009527797,2.34E-07,-7.720899582,0.000421875,-3.819499969,35.10266781,1855.109985,0
94,37.5,52.258,-101.2555923,-0.045436549,4.89E-08,-0.897472273,82.46169281,82.46169281,82.46169281,82.46169281,0.000137021,54.08500099,54.08500099,54.08500099,54.08500099,5.09E-05,2687,0.001988967,3,1.69E-06,2107,1272,1019.5,468.1000061,1235.315491,-45.73267245,0.004703224,0.004694539,0.004694539,0.004694539,5.57E-09,32.57949829,0.000689065,-3.85010004,33.50293732,1859.835022,0
94,38,35.006,-100.2619019,-0.043290376,1.14E-07,-0.917881471,91.51228714,91.51228714,91.51228714,91.51228714,0.000206026,57.35750103,57.35750103,57.35750103,57.35750103,4.97E-05,2767.25,0.001517497,3,2.25E-06,2058,1323.25,1074.5,412.7250061,1224.324951,-46.07253516,0.004279123,0.004216373,0.004216373,0.004216373,1.12E-08,-12.92747498,0.000557265,-3.882100105,34.32312393,1859.094269,0
94.5,37.5,48.279,-90.7235136,-0.043075803,6.68E-08,-0.883666329,87.35499573,87.35499573,87.35499573,87.35499573,0.000178822,54.61000061,54.61000061,54.61000061,54.61000061,6.66E-05,2795.5,0.014863971,3,1.26E-06,2086,1254,1012,469.1000061,1241.660248,-86.71866608,0.004609108,0.004612899,0.004612899,0.004612899,5.38E-09,36.36275101,0.00084355,-3.766799927,32.57662249,1860.77002,0
94.5,37.5,46.198,-90.7235136,-0.043075803,6.68E-08,-0.883666329,87.35499573,87.35499573,87.35499573,87.35499573,0.000178822,54.61000061,54.61000061,54.61000061,54.61000061,6.66E-05,2795.5,0.014863971,3,1.26E-06,2086,1254,1012,469.1000061,1241.660248,-86.71866608,0.004609108,0.004612899,0.004612899,0.004612899,5.38E-09,36.36275101,0.00084355,-3.766799927,32.57662249,1860.77002,0
94.5,38,52.062,-77.70107841,-0.040143043,1.16E-07,-0.911962163,101.3197708,101.3197708,101.3197708,101.3197708,0.00023396,59.20000076,59.20000076,59.20000076,59.20000076,4.96E-05,2847.75,0.007806199,3,1.69E-06,2037,1306,1067.5,413.8500061,1209.628479,-82.64135742,0.004187653,0.004119587,0.004119587,0.004119587,9.17E-09,-23.995924,0.000824891,-3.863699913,33.2224617,1861.183533,0
94.5,38.5,44.713,-52.8542738,-0.033824471,1.33E-07,-0.979584611,115.2845459,115.2845459,115.2845459,115.2845459,0.000289099,63.79000092,63.79000092,63.79000092,63.79000092,3.27E-05,3183,0.018480947,3,2.19E-06,1988,1358,1123,358.6000061,1157.618225,-78.56404877,0.006775012,0.006658082,0.006658082,0.006658082,1.38E-07,-50.51650238,0.000371454,-3.907999992,33.99316216,1861.597046,0
95,36,46.695,-28.4798851,-0.024804519,1.18E-07,-0.775042616,85.48601151,85.48601151,85.48601151,85.48601151,7.21E-05,50.30500126,50.30500126,50.30500126,50.30500126,2.86E-05,4104.500001,0.116160423,3,0,2213,1083.75,842.6500092,640.2250061,1242.467041,26.0792011,0.009699815,0.00988013,0.00988013,0.00988013,1.04E-07,-6.471149921,0.000461416,-3.345499992,32.1690712,1854.738525,0
95,37.5,49.813,-80.19143486,-0.040251731,6.34E-08,-0.875596353,88.51945114,88.51945114,88.51945114,88.51945114,0.000180931,54.01000023,54.01000023,54.01000023,54.01000023,6.55E-05,3141.25,0.02199429,3,8.43E-07,2066.5,1239,1009,474.3500061,1248.005005,-74.6476326,0.004643286,0.004671653,0.004671653,0.004671653,5.57E-09,23.16785049,0.00090326,-3.724100113,31.65030766,1860.504517,0
95,38,55.142,-55.14025497,-0.037434846,1.04E-07,-0.9008149,103.3672428,103.3672428,103.3672428,103.3672428,0.000223303,58.72000027,58.72000027,58.72000027,58.72000027,4.50E-05,3218.25,0.024102641,3,1.12E-06,2017.25,1291.75,1064.5,419.1000061,1194.932007,-59.51504278,0.004201474,0.004144049,0.004144049,0.004144049,9.48E-09,-36.10700226,0.000759125,-3.874200106,32.12179947,1861.211029,0
95,38.5,46.369,-42.00613594,-0.031809556,1.13E-07,-0.963112245,118.2150345,118.2150345,118.2150345,118.2150345,0.000265674,63.43000031,63.43000031,63.43000031,63.43000031,2.45E-05,4230.75,0.075638952,3,1.77E-06,1968,1344.5,1120,363.8500061,1142.348999,-44.38245296,0.006763619,0.006641924,0.006641924,0.006641924,1.05E-07,-59.79475021,2.62E-05,-3.975399971,32.96977234,1861.917541,0
95.5,37.5,58.901,-75.91967106,-0.03787333,4.98E-08,-0.874179116,89.68390656,89.68390656,89.68390656,89.68390656,0.000183041,53.40999985,53.40999985,53.40999985,53.40999985,6.45E-05,3173,0.000402848,3,4.22E-07,2047,1224,1006,479.6000061,1236.155762,-62.57659912,0.004666157,0.004702963,0.004702963,0.004702963,5.53E-09,7.505924702,0.000682131,-3.721100092,30.24837637,1860.239014,0
95.5,38.5,49.757,-46.49587536,-0.030777017,9.07E-08,-0.948509595,121.1455231,121.1455231,121.1455231,121.1455231,0.000242249,63.06999969,63.06999969,63.06999969,63.06999969,1.63E-05,4025.75,0.020251784,3,1.35E-06,1948,1331,1117,369.1000061,1129.566742,-10.20085716,0.006790405,0.006710954,0.006710954,0.006710954,1.59E-07,-48.73249817,0.000388406,-4.056499958,31.64288807,1862.238037,0
95.5,41.5,65.314,-62.91265392,-0.02708828,2.53E-08,-0.937772018,131.4931946,131.4931946,131.4931946,131.4931946,0.000314142,47.72000122,47.72000122,47.72000122,47.72000122,1.68E-05,1860.75,0.00872739,2,3.05E-06,1656,1654,1451,43.09999847,817.0362549,-65.98444366,0.008246396,0.008250334,0.008250334,0.008250334,1.08E-07,-18.11802483,0.000459954,-2.29189992,33.98412037,1864.209961,0
96,37.5,53.287,-71.64790726,-0.036309302,2.77E-08,-0.887256491,87.11951065,87.11951065,87.11951065,87.11951065,0.000141855,55.21500015,55.21500015,55.21500015,55.21500015,6.03E-05,3425.5,0.028897632,3,0,2029,1212.5,1007,484.25,1224.306519,-56.48636818,0.004601741,0.004626464,0.004626464,0.004626464,4.63E-09,3.526074886,0.000442114,-3.753999949,28.84644508,1858.531494,0
98,39,67.291,-27.69265747,-0.026942856,4.22E-08,-0.843125639,88.19449806,88.19449806,88.19449806,88.19449806,0.000132937,59.41499996,59.41499996,59.41499996,59.41499996,5.08E-05,3504.749999,0.061480615,3,0,1805.5,1345.5,1191.5,359.0500031,1026.884033,-18.84815788,0.011161137,0.010957804,0.010957804,0.010957804,9.43E-08,-41.77899933,0.00018257,-4.595200062,27.41522789,1852.948761,0
98,39.5,59.346,-49.27396774,-0.025418296,1.80E-08,-0.834298468,89.05626297,89.05626297,89.05626297,89.05626297,0.000162808,56.90999985,56.90999985,56.90999985,56.90999985,6.82E-05,3083.749999,0.179289148,3,0,1754.5,1401,1246,308.6500092,971.9465027,-30.42097569,0.010413919,0.010320555,0.010320555,0.010320555,2.46E-08,-25.90175056,0.00031302,-4.605700016,27.92949772,1851.741028,0
98,40,54.926,-70.85527802,-0.025043772,1.97E-08,-0.867484183,86.86367416,86.86367416,86.86367416,86.86367416,0.000195119,52.44750023,52.44750023,52.44750023,52.44750023,6.57E-05,1924.750001,0.129597576,3,0,1704,1456.25,1301,261.3250046,917.0089722,-27.97844577,0.012109832,0.012075061,0.012075061,0.012075061,1.74E-08,-8.854374886,0.000227886,-4.516900063,28.44376755,1853.694275,0
98.5,24.5,78.66,-32.52721548,-0.006757395,8.87E-08,-0.35027499,62.97338486,62.97338486,62.97338486,62.97338486,2.92E-05,36.95000076,36.95000076,36.95000076,36.95000076,2.61E-05,1293.749999,0.084623711,3,9.38E-07,1058,178.8000031,393.7999878,133.8000031,101.0744972,99999,0.01412076,0.014180787,0.014180787,0.014180787,9.29E-08,-31.12900162,0.000170615,3.748300076,25,1833.307983,0
98.5,25,92.029,-34.36958408,-0.007009447,9.49E-08,-0.35743904,64.72332573,64.72332573,64.72332573,64.72332573,4.00E-05,38.90999985,38.90999985,38.90999985,38.90999985,3.46E-05,1641.5,0.021139325,3,1.88E-06,1112.5,143.3500023,346.3499908,133.25,56.43000031,99999,0.015978518,0.016082393,0.016082393,0.016082393,9.10E-08,-43.40000153,0.000394611,4.80340004,25,1836.134521,0
98.5,40,42.899,-68.28800964,-0.025572713,3.56E-09,-0.86067079,78.7039566,78.7039566,78.7039566,78.7039566,0.000160223,51.67000008,51.67000008,51.67000008,51.67000008,6.96E-05,1349.75,0.011332588,3,7.34E-07,1686,1452.5,1308,283.5,911.9734802,-26.20930576,0.012128687,0.012101898,0.012101898,0.012101898,3.73E-08,-4.176575184,0.000130572,-4.532999992,28.73498154,1854.221558,0
99,24,74.889,-25.37598038,-0.010223815,5.18E-08,-0.468216576,62.45996475,62.45996475,62.45996475,62.45996475,2.42E-05,36.05500031,36.05500031,36.05500031,36.05500031,1.75E-05,1892.999998,0.101630881,3,0,1018.075012,185.5750027,469.625,196.2000046,145.7189941,49997.98697,0.01519735,0.015303524,0.015303524,0.015303524,7.78E-08,-23.06775093,0.000156081,1.407799959,25,1833.82901,0
99,24.5,75.962,-24.82039547,-0.010408043,5.48E-08,-0.457399501,63.11831665,63.11831665,63.11831665,63.11831665,2.84E-05,36.90500069,36.90500069,36.90500069,36.90500069,2.41E-05,1502.750007,0.300761826,3,6.25E-07,1071.5,146.2000008,421.1999969,181.6500015,101.0744972,50000.15763,0.012858498,0.012928908,0.012928908,0.012928908,8.15E-09,-24.50300026,0.000238431,2.423500061,25,1835.361511,0
99,39.5,53.341,-56.16808891,-0.025260647,7.54E-09,-0.834804266,77.97541428,77.97541428,77.97541428,77.97541428,0.000119188,53.68499947,53.68499947,53.68499947,53.68499947,7.25E-05,1497.5,0.010228301,3,1.46E-06,1721,1396.5,1263.5,353.5,962.3494873,0.564434052,0.011683534,0.011604094,0.011604094,0.011604094,4.02E-08,1.853925109,0.000349439,-4.58409977,28.18570232,1852.255005,0
99.5,20,86.282,-23.89679909,-0.005788171,1.47E-08,-0.265349604,52.41514206,52.41514206,52.41514206,52.41514206,2.09E-05,35.82999992,35.82999992,35.82999992,35.82999992,9.56E-06,723.4999986,0.067177173,3,0,627.8500061,214.4500046,673.5,238.4500046,454.2789917,50003.64167,0.015088848,0.015087888,0.015087888,0.015087888,4.24E-08,-0.183044955,8.59E-05,-4.554299831,27.86747646,1824.406006,0
99.5,25.5,73.045,-32.53838873,-0.013169334,1.63E-08,-0.496543158,67.69650269,67.69650269,67.69650269,67.69650269,5.56E-05,40.06000137,40.06000137,40.06000137,40.06000137,3.99E-05,1775.750001,0.062922553,3,9.38E-07,1191,58.09999847,367.6000061,228.1999969,120.4034977,11.95211601,0.011796884,0.011868351,0.011868351,0.011868351,1.18E-08,-27.68774986,0.000584881,2.975899935,27.23738813,1839.536987,0
99.5,40.5,63.18,-55.71115017,-0.025472091,6.80E-09,-0.865367122,65.47245026,65.47245026,65.47245026,65.47245026,7.61E-05,43.59999847,43.59999847,43.59999847,43.59999847,5.01E-05,1315.75,0.011167246,3,1.84E-06,1601,1507,1381,301.1000061,849.8974915,-15.81574726,0.014332116,0.014442383,0.014442383,0.014442383,1.04E-07,-26.28224945,0.000546639,-4.28030014,29.78574324,1855.628052,0
100,20.5,62.528,-22.13925171,-0.007058129,2.83E-08,-0.354158362,54.01644897,54.01644897,54.01644897,54.01644897,2.63E-05,35.96000099,35.96000099,35.96000099,35.96000099,9.11E-06,512.2499986,0.073507732,3,0,703.6000061,197.8000031,739.7000122,286.9000015,480.2929993,99999,0.016187799,0.016181669,0.016181669,0.016181669,6.18E-08,-8.318200111,0.000217545,-4.951399803,26.90453434,1824.848511,0
100,22.5,71.223,-34.5814724,-0.011653611,9.39E-09,-0.560617233,60.01827812,60.01827812,60.01827812,60.01827812,2.18E-05,35.22000122,35.22000122,35.22000122,35.22000122,7.97E-06,1484.999997,0.136972533,3,0,897.75,224.4999924,663.8999939,319.3000031,340.4205017,19.65820599,0.021197281,0.021237487,0.021237487,0.021237487,1.28E-07,-16.54167557,0.000263842,-2.934299946,24.87742901,1831.859497,0
100,23,75.525,-29.43387985,-0.011961631,5.73E-09,-0.578245174,60.83911133,60.83911133,60.83911133,60.83911133,1.77E-05,35.39250088,35.39250088,35.39250088,35.39250088,9.67E-06,1801.500001,0.076194496,3,0,948.4750061,189.3749962,616.8249969,314.1750031,290.7770081,11.88991153,0.019762541,0.019852415,0.019852415,0.019852415,1.96E-07,-13.14437485,0.000241947,-2.172600031,25,1832.435242,0
100,26,77.842,-32.1281662,-0.012547906,4.76E-08,-0.498874528,70.82222176,70.82222176,70.82222176,70.82222176,9.62E-05,43.7149992,43.7149992,43.7149992,43.7149992,5.08E-05,2638,0.081981858,3,0,1260,44.65250003,380.0250015,298.0999947,172.9519959,9.778220892,0.014953931,0.01510094,0.01510094,0.01510094,1.21E-07,-13.1637001,0.000430802,2.594099998,29.21033478,1843.726257,0
100,26.5,93.673,-33.42543793,-0.012573463,6.49E-08,-0.480925366,75.24846268,75.24846268,75.24846268,75.24846268,0.000131126,46.5549984,46.5549984,46.5549984,46.5549984,5.54E-05,2994.999997,0.138967406,3,0,1313,45.24000049,352.25,318.6999969,210.0534973,9.352930069,0.006754005,0.006798616,0.006798616,0.006798616,1.91E-07,-16.6447506,0.000299382,3.047100067,32.77414703,1846.117493,0
100.5,20,55.475,-17.48373413,-0.005413184,2.50E-08,-0.334371601,52.8445034,52.8445034,52.8445034,52.8445034,2.50E-05,36.65000153,36.65000153,36.65000153,36.65000153,8.87E-06,541.9999981,0.101435931,3,5.98E-07,689.4500122,124.420002,775.8500061,340.9499969,552.4369965,50001.63202,0.012200989,0.012196977,0.012196977,0.012196977,3.61E-08,-34.91549683,0.000375685,-5.655200005,27.24596119,1823.093018,0
100.5,26,79.195,-29.72849464,-0.009430816,7.33E-08,-0.494606064,70.03001785,70.03001785,70.03001785,70.03001785,0.000103531,44.5549984,44.5549984,44.5549984,44.5549984,5.50E-05,1795.250003,0.136143493,3,6.25E-07,1275.5,56.2850008,423.1999969,344.0499878,218.8325043,8.133425713,0.007038168,0.007067858,0.007067858,0.007067858,1.64E-07,3.798574924,0.000348951,1.798499942,30.39042473,1844.478027,0
100.5,26.5,69.523,-26.92561984,-0.008535763,9.11E-08,-0.439355349,74.96457672,74.96457672,74.96457672,74.96457672,0.000140305,47.41999817,47.41999817,47.41999817,47.41999817,5.73E-05,2016.250001,0.115050214,3,7.87E-07,1328,82.54000092,398.3999939,361.2999878,250.6182556,7.811944008,0.004839676,0.004848213,0.004848213,0.004848213,5.76E-09,-0.448574901,0.000477168,2.269299984,34.06042862,1845.822998,0
101,19.5,55.411,-17.85764217,-0.004742503,1.52E-08,-0.358173634,52.47860527,52.47860527,52.47860527,52.47860527,2.78E-05,37.30500031,37.30500031,37.30500031,37.30500031,7.86E-06,573.5000007,0.056562695,3,8.97E-07,684.5500183,49.63500047,812.3500061,395,618.5954895,50001.63202,0.012710539,0.012697806,0.012697806,0.012697806,1.47E-08,-51.74649811,0.000244049,-6.057600021,28.06657219,1821.169006,0
101,22,57.454,-29.53123856,-0.010562465,1.40E-08,-0.598428032,58.2801199,58.2801199,58.2801199,58.2801199,2.10E-05,36.23250008,36.23250008,36.23250008,36.23250008,1.00E-05,1108.75,0.063093781,3,1.21E-06,900.3250122,156.7499981,765.8000031,413.7749939,440,50008.03166,0.0143149,0.014341963,0.014341963,0.014341963,9.35E-08,-22.98175049,0.000114226,-4.64470005,24.07862663,1830.204285,0
101,23,51.442,-27.293293,-0.011332811,6.26E-09,-0.648488028,59.96287155,59.96287155,59.96287155,59.96287155,1.62E-05,36.36500072,36.36500072,36.36500072,36.36500072,1.21E-05,1445.750002,0.098067142,3,6.06E-07,994.875,113.4099979,676.4499969,414.1749954,354.5289917,8.938514352,0.014464714,0.014513747,0.014513747,0.014513747,1.72E-08,-21.47200012,0.000119256,-3.277299881,24.45829964,1832.58902,0
101,36.5,104.472,-56.75998497,-0.02512306,5.94E-08,-0.967551349,86.96292877,86.96292877,86.96292877,86.96292877,8.25E-05,55.93999863,55.93999863,55.93999863,55.93999863,2.61E-05,3790.999998,0.160248184,3,1.65E-06,1982.5,1076,1014.600006,653.7000122,1187.815491,-41.832798,0.017605109,0.017576362,0.017576362,0.017576362,2.66E-07,-31.23349953,0.000129323,-4.303899765,29.51119804,1851.453003,0
101.5,23,59.139,-30.17102242,-0.011235278,3.31E-09,-0.661444842,59.36943436,59.36943436,59.36943436,59.36943436,1.73E-05,36.95000076,36.95000076,36.95000076,36.95000076,1.30E-05,1224.249998,0.120275141,3,9.09E-07,1020.299988,76.36999893,708.7999878,464.1999969,393.7119904,-3.708272696,0.013812853,0.013851132,0.013851132,0.013851132,3.38E-08,-13.75824928,0.000160261,-3.679899931,24.73423672,1832.814026,0
101.5,25,76.734,-22.60351849,-0.007966138,3.61E-08,-0.72142385,61.70969009,61.70969009,61.70969009,61.70969009,5.76E-05,42.31500053,42.31500053,42.31500053,42.31500053,5.21E-05,1913.5,0.026826385,3,9.38E-07,1214,71.06999779,564.75,427.3499908,302.9610062,4.489012957,0.013792021,0.013853539,0.013853539,0.013853539,2.05E-08,-3.447403431,7.68E-05,-0.690880001,28.05070209,1839.656494,0
101.5,26,68.276,-19.83248854,-0.003483666,4.98E-08,-0.468941162,71.50707626,71.50707626,71.50707626,71.50707626,0.00012539,48.81999969,48.81999969,48.81999969,48.81999969,5.28E-05,2012.250002,0.102080534,3,1.88E-06,1314.5,140.4000015,514.1500092,439.5,312.8495026,13.38086009,0.008512974,0.008428315,0.008428315,0.008428315,2.12E-07,31.49674988,0.000489691,0.616100013,32.6815834,1843.148499,0
101.5,26.5,48.914,-14.93597746,-0.001370874,4.52E-08,-0.208810969,78.21534729,78.21534729,78.21534729,78.21534729,0.000162259,51.91999817,51.91999817,51.91999817,51.91999817,4.19E-05,1601.499998,0.079340196,3,2.36E-06,1365,171.1000061,493.3999939,452.6000061,336.0335083,30.10061073,0.004478865,0.004442083,0.004442083,0.004442083,9.70E-08,55.96350098,0.000313617,1.128200054,35.86375713,1843.765991,0
101.5,27,66.288,-10.03946638,-0.000418268,3.41E-08,-0.066573548,88.60334396,88.60334396,88.60334396,88.60334396,0.000192501,52.94999886,52.94999886,52.94999886,52.94999886,3.26E-05,1870.500001,0.10996625,3,2.85E-06,1416,197.1500015,484.0999908,477.6500092,359.217514,3.46432209,0.004363884,0.004333584,0.004333584,0.004333584,2.02E-09,50.85275269,0.000380081,1.526200056,39.04593086,1845.502991,0
101.5,36,87.59,-58.51902199,-0.023942256,5.30E-08,-0.962471733,80.12734222,80.12734222,80.12734222,80.12734222,0.000109744,55.95499992,55.95499992,55.95499992,55.95499992,2.83E-05,2573.749999,0.086124044,3,1.69E-06,2025,1028.850006,989.1000061,597.1000061,1180.659485,-37.71146463,0.010531507,0.010508182,0.010508182,0.010508182,2.05E-07,-21.20224953,0.00024444,-4.149000168,29.97310543,1852.423462,0
101.5,37.5,74.959,-42.4112978,-0.021963617,1.81E-08,-0.841923921,83.15840149,83.15840149,83.15840149,83.15840149,0.000128311,52.79000092,52.79000092,52.79000092,52.79000092,2.81E-05,3092.999999,0.039153618,2,3.00E-06,1863,1192,1133,657.2000122,1093.869232,-25.18414688,0.011188052,0.011179582,0.011179582,0.011179582,8.70E-08,-22.20999908,0.000128518,-4.291699886,30.95912123,1855.588989,0
102,24,75.098,-22.89553642,-0.010804958,1.97E-08,-0.706111248,58.50742912,58.50742912,58.50742912,58.50742912,2.27E-05,38.61999989,38.61999989,38.61999989,38.61999989,2.72E-05,1889.499999,0.091388367,3,0,1142.75,52.51750088,670.875,491.6749954,379.072998,-5.656202763,0.012842294,0.012964542,0.012964542,0.012964542,5.22E-08,25.46500015,0.000117171,-2.599100113,27.23705101,1836.620026,0
102,26,54.89,-12.33615398,-0.003322243,4.41E-08,-0.410698481,73.7763443,73.7763443,73.7763443,73.7763443,0.000140194,48.91499996,48.91499996,48.91499996,48.91499996,4.76E-05,1287.750002,0.130107002,3,2.50E-06,1337,180.1499977,560.8750076,488.125,360.9859924,6.319001794,0.013914787,0.013712914,0.013712914,0.013712914,7.65E-08,22.63895035,0.000661194,0.108790003,33.79265213,1843.961731,0
102,26.5,64.02,-9.446153164,-0.001357332,4.28E-08,-0.205714307,81.75000381,81.75000381,81.75000381,81.75000381,0.000172351,51.60499954,51.60499954,51.60499954,51.60499954,3.82E-05,2032.25,0.065130754,3,3.15E-06,1386.5,215,541.5500031,499.8499908,380.8840027,11.84245372,0.011598448,0.011457731,0.011457731,0.011457731,1.09E-07,55.64299774,0.000316482,0.640079975,36.38080406,1844.409485,0
102,33,42.173,-28.78663254,-0.014634156,3.59E-08,-0.812300519,88.94291496,88.94291496,88.94291496,88.94291496,7.85E-05,55.21749878,55.21749878,55.21749878,55.21749878,3.91E-05,3767.000002,0.074858269,3,1.33E-06,2051.25,725.0250244,761.625,561.5500031,927.7080078,-18.74738932,0.005119388,0.005112461,0.005112461,0.005112461,3.34E-08,0.841987491,0.00021057,-1.53550005,33.00681686,1862.895752,0
102,36.5,59.554,-37.53999138,-0.020772185,4.21E-08,-0.924202342,76.23290253,76.23290253,76.23290253,76.23290253,0.000120991,54.45999908,54.45999908,54.45999908,54.45999908,2.44E-05,2328.750001,0.082291834,3,2.59E-06,1960.5,1094.5,1060.5,569.6000061,1112.950989,-61.85104179,0.013261175,0.013226696,0.013226696,0.013226696,9.93E-08,-6.845924854,0.000230326,-4.195499897,31.22773743,1855.82196,0
102,37.5,75.23,-39.92716217,-0.021801636,3.06E-08,-0.853565776,75.46830368,75.46830368,75.46830368,75.46830368,0.000115037,52.46500015,52.46500015,52.46500015,52.46500015,2.66E-05,4040.999999,0.075542781,2,3.29E-06,1852.5,1202.5,1155,619.4500122,1055.041992,-7.985046387,0.010994947,0.0109676,0.0109676,0.0109676,8.69E-08,-14.88449955,0.000126408,-4.195199966,32.52376366,1855.450012,0
102.5,24,82.852,-24.06689167,-0.011536173,2.03E-08,-0.689089863,57.86424446,57.86424446,57.86424446,57.86424446,2.45E-05,39.20499992,39.20499992,39.20499992,39.20499992,2.66E-05,2149.5,0.05993299,3,1.12E-06,1170,71.54500198,710.6500244,541.25,426.8820038,-10.4792642,0.01198298,0.01208797,0.01208797,0.01208797,1.15E-08,12.63432503,0.000309772,-2.989500046,27.85721302,1838.282043,0
102.5,24.5,81.718,-23.50600815,-0.010472165,3.10E-08,-0.670731072,57.71587753,57.71587753,57.71587753,57.71587753,3.95E-05,40.13999939,40.13999939,40.13999939,40.13999939,3.95E-05,2294.5,0.029804937,3,1.63E-06,1216,113.3000031,677.9000244,528.7000122,415.0830002,-1.80964458,0.011460399,0.011516287,0.011516287,0.011516287,1.08E-08,6.280900002,0.000382193,-2.314100027,29.08260727,1840.837036,0
102.5,25,84.324,-22.94512463,-0.00883979,4.16E-08,-0.61249053,62.26122093,62.26122093,62.26122093,62.26122093,8.35E-05,43.43499947,43.43499947,43.43499947,43.43499947,4.49E-05,2223.5,0.045888619,3,2.14E-06,1263.5,147.0999985,651.7000122,527.5500183,403.2839966,1.560172856,0.010687736,0.010707115,0.010707115,0.010707115,1.43E-08,-22.15950012,0.000325957,-1.644600034,30.30800152,1842.666992,0
102.5,25.5,79.03,-23.99994206,-0.007010005,4.96E-08,-0.528179209,66.80656433,66.80656433,66.80656433,66.80656433,0.000127553,46.72999954,46.72999954,46.72999954,46.72999954,5.03E-05,1783.500001,0.06178396,3,2.65E-06,1311,180.8999939,625.5,526.4000244,406.6224976,4.929990292,0.009973623,0.009924606,0.009924606,0.009924606,2.06E-08,-26.66849899,0.000289074,-0.997539997,32.70652533,1844.496948,0
102.5,28,62.912,-4.860455513,-0.005302232,7.50E-08,-0.740766675,111.6921616,111.6921616,111.6921616,111.6921616,0.000128103,53.94499969,53.94499969,53.94499969,53.94499969,3.38E-05,2727.749998,0.101351808,2,5.21E-06,1557.5,336.3500061,575.9500122,617.5499878,503.5284882,-9.196307659,0.006647659,0.006609005,0.006609005,0.006609005,9.97E-08,-8.729000092,0.000380506,1.539800048,43.84464264,1849.457459,0
103,24.5,78.682,-26.90579891,-0.011386855,2.44E-08,-0.656191879,58.17092514,58.17092514,58.17092514,58.17092514,5.04E-05,40.61499977,40.61499977,40.61499977,40.61499977,3.29E-05,1893.000001,0.072403267,3,2.64E-06,1245,140.7000046,721.6000061,578.9500122,464.0879974,-9.744876802,0.013691935,0.013708359,0.013708359,0.013708359,7.19E-08,-4.5952425,0.000208557,-2.743499994,30.20152187,1840.950012,0
103,25,82.202,-28.57335091,-0.010210727,3.38E-08,-0.597542314,63.494133,63.494133,63.494133,63.494133,9.92E-05,43.19999981,43.19999981,43.19999981,43.19999981,3.81E-05,2169.500003,0.132398213,3,3.04E-06,1291.25,180.4750023,696.8000031,577.7000122,453.4849854,-3.211829841,0.010720021,0.010712537,0.010712537,0.010712537,6.14E-08,-23.6609993,0.000186459,-2.111799955,31.92566872,1842.4375,0
103,33.5,79.783,-31.8822403,-0.0148417,3.41E-08,-0.753712897,84.31225204,84.31225204,84.31225204,84.31225204,0.000110781,51.56499863,51.56499863,51.56499863,51.56499863,3.94E-05,3484.749999,0.016876345,3,2.52E-06,2045,814.25,867.1000061,453.75,1017.076965,-20.12106276,0.00457737,0.004574629,0.004574629,0.004574629,3.82E-09,-21.29725075,0.000227847,-1.599699974,33.55377197,1861.409973,0
103,36.5,75.096,-36.21388817,-0.017906004,2.63E-08,-0.9027553,65.83437347,65.83437347,65.83437347,65.83437347,7.58E-05,52.32999992,52.32999992,52.32999992,52.32999992,2.90E-05,2165.25,0.025257002,3,2.92E-06,1941.5,1121,1112,487.8999939,1039.783997,-49.34904861,0.011965284,0.011925835,0.011925835,0.011925835,6.83E-09,-1.992725134,8.86E-05,-3.945600033,33.67700768,1855.954468,0
103,37,56.63,-41.91685867,-0.019317058,3.87E-08,-0.887177937,66.18851662,66.18851662,66.18851662,66.18851662,7.56E-05,51.73499966,51.73499966,51.73499966,51.73499966,2.77E-05,2853.500001,0.078160176,2,2.93E-06,1887,1173.75,1157,517.0999985,1007.103027,-25.8821435,0.013604449,0.013534121,0.013534121,0.013534121,1.40E-07,-3.884520054,0.00022558,-4.006499767,33.95111465,1855.246246,0
103.5,30,58.837,-45.90839958,-0.013478854,8.71E-08,-0.768184203,121.7925949,121.7925949,121.7925949,121.7925949,0.000177564,46.74499893,46.74499893,46.74499893,46.74499893,4.16E-05,512.0000001,0.010578737,2,5.54E-06,1800.5,539.6000061,715.8999939,634.9500122,724.1365051,41.43070221,0.017569499,0.017712987,0.017712987,0.017712987,4.00E-07,67.45449829,0.001284205,3.592200041,46.93493843,1845.975525,0
103.5,30.5,56,-27.10323048,-0.010332639,1.01E-07,-0.638894357,115.4818573,115.4818573,115.4818573,115.4818573,0.000193196,46.66999817,46.66999817,46.66999817,46.66999817,3.35E-05,524.7500001,0.004353802,2,5.63E-06,1851,573.7000122,734.7999878,594.7000122,765.9225159,-50.60638428,0.033515951,0.033683786,0.033683786,0.033683786,1.11E-07,77.14350128,0.000741516,3.709800005,43.51366997,1844.737061,0
103.5,36,51.188,-34.23950386,-0.016740492,2.72E-08,-0.909819604,64.19569397,64.19569397,64.19569397,64.19569397,4.63E-05,50.70499992,50.70499992,50.70499992,50.70499992,3.57E-05,2388.000001,0.068207259,3,3.24E-06,1987.5,1085,1096.5,426.7999878,1037.878479,16.86234474,0.01247295,0.012447977,0.012447977,0.012447977,1.08E-08,-10.17387485,9.72E-05,-3.589099884,33.93605804,1854.169495,0
104,31,58.784,-28.73203278,-0.010595224,1.20E-07,-0.599930684,118.8051128,118.8051128,118.8051128,118.8051128,0.000202995,45.99500084,45.99500084,45.99500084,45.99500084,3.06E-05,569.5000001,0.007511261,2,6.31E-06,1850.5,648.7249908,802.2249908,522.5250015,837.3870239,-32.44647408,0.010783646,0.010820198,0.010820198,0.010820198,4.03E-07,44.17200089,0.000961246,4.149199963,41.85726547,1848.481232,0
104,31.5,63.712,-8.523099899,-0.007890913,8.84E-08,-0.401074628,111.0021095,111.0021095,111.0021095,111.0021095,0.000190209,45.95500183,45.95500183,45.95500183,45.95500183,3.71E-05,1834.5,0.212814753,2,6.63E-06,1877,686.5499878,825.2999878,483.6999969,880.5285034,-81.13871384,0.015302478,0.015344256,0.015344256,0.015344256,3.68E-07,-6.621825218,0.001164756,3.539599895,40.21930313,1850.967957,0
104,36,61.279,-37.96809006,-0.015806574,1.77E-08,-0.874638955,69.01596069,69.01596069,69.01596069,69.01596069,6.01E-05,48.98250008,48.98250008,48.98250008,48.98250008,3.60E-05,1723.750001,0.033874785,3,3.57E-06,1979.5,1104.25,1127,386.2749939,1003.291992,5.916180253,0.012461066,0.012448504,0.012448504,0.012448504,4.05E-08,-3.070587635,0.000167389,-3.335599899,34.46921539,1855.522736,0
104,43.5,41.407,-43.95377922,-0.020396518,4.87E-09,-0.677386675,79.09571457,79.09571457,79.09571457,79.09571457,4.31E-05,38.00499916,38.00499916,38.00499916,38.00499916,1.37E-05,2432.75,0.018318359,3,5.62E-07,1163.5,1891,1825.5,615.0500183,582.5820007,-65.43745041,0.014473615,0.014504655,0.014504655,0.014504655,2.01E-08,-18.04624939,0.000209397,-2.629100084,31.14278603,1860.853516,0
104.5,29,64.42,-55.41339874,-0.022211464,3.96E-08,-0.872155551,149.7772598,149.7772598,149.7772598,149.7772598,0.000202772,44.88000107,44.88000107,44.88000107,44.88000107,1.84E-05,344.75,0.005705748,1,4.49E-06,1734,561.3500061,781.8500061,664.1499939,726.8009949,12.47952318,0.021373597,0.021490349,0.021490349,0.021490349,2.95E-07,-68.17950439,0.000261662,2.420900106,51.56944084,1847.59198,0
104.5,31,58.787,-40.72122002,-0.015656505,1.20E-07,-0.748177038,127.761116,127.761116,127.761116,127.761116,0.000238644,44.86500168,44.86500168,44.86500168,44.86500168,2.41E-05,647.7499998,0.039972815,1,5.16E-06,1814.5,683.6999817,846,488.4499969,870.4309998,11.14527512,0.020864876,0.020853957,0.020853957,0.020853957,3.05E-07,109.9732513,0.00163404,4.861599922,46.08163452,1847.478455,0
104.5,31.5,50.154,-30.18957615,-0.01233671,1.11E-07,-0.550904947,117.7878571,117.7878571,117.7878571,117.7878571,0.000238921,44.33000183,44.33000183,44.33000183,44.33000183,3.34E-05,575.2500001,0.011477517,2,5.62E-06,1832,719.2999878,868.5,448.8999939,911.9814911,-60.80736542,0.013208569,0.013238613,0.013238613,0.013238613,3.11E-07,54.13124847,0.002002803,4.328000069,44.03430271,1847.704956,0
104.5,32,43.089,-19.65793228,-0.010138509,7.13E-08,-0.416488629,104.5481873,104.5481873,104.5481873,104.5481873,0.000211449,44.67000008,44.67000008,44.67000008,44.67000008,3.37E-05,1359.25,0.070111587,2,6.08E-06,1852,759.5,892.9500122,412,953.5319824,-69.61446381,0.009916461,0.00995395,0.00995395,0.00995395,2.24E-07,-29.89769936,0.001440946,3.375999928,41.9869709,1851.80249,0
104.5,35.5,63.953,-36.70374489,-0.015168942,2.14E-08,-0.813954119,73.8809967,73.8809967,73.8809967,73.8809967,7.22E-05,46.81000137,46.81000137,46.81000137,46.81000137,3.76E-05,2106,0.030061903,3,3.56E-06,2025,1074,1118,319.2999878,1009.23349,4.908032894,0.012714864,0.012729423,0.012729423,0.012729423,1.01E-08,-9.655475616,0.000319916,-2.687299967,34.96151447,1858.485962,0
105,29.5,55.766,-46.38845062,-0.023821949,3.09E-08,-0.870559685,158.2953262,158.2953262,158.2953262,158.2953262,0.000157357,44.54000092,44.54000092,44.54000092,44.54000092,6.30E-06,315.7500001,0.005170359,1,3.10E-06,1722,630.0499878,838.1499939,592.25,798.9274902,45.49206686,0.025600754,0.025679934,0.025679934,0.025679934,2.58E-09,-48.76824951,0.000940198,3.593300104,54.64199829,1848.34198,0
105,30,60.672,-39.94620514,-0.023708389,5.06E-08,-0.897492362,151.3259392,151.3259392,151.3259392,151.3259392,0.000187881,44.57500076,44.57500076,44.57500076,44.57500076,1.22E-05,399,0.002859691,1,2.83E-06,1736.75,659.0499878,853.4250031,545.8000031,830.7119751,75.91160274,0.025249707,0.025233956,0.025233956,0.025233956,1.32E-08,34.91282654,0.00184967,4.666200161,54.36742783,1847.703217,0
105,31.5,56.102,-51.8560524,-0.0167927,1.12E-07,-0.656915358,122.0191956,122.0191956,122.0191956,122.0191956,0.000257299,42.79500008,42.79500008,42.79500008,42.79500008,2.69E-05,503.0000004,0.022258614,1,4.62E-06,1787.5,755.3500061,911.5,415.1499939,943.4344788,-90.28962326,0.025832768,0.026000696,0.026000696,0.026000696,1.03E-07,141.1390076,0.002223676,5.06799984,47.84930229,1847.717957,0
105,32,50.308,-51.00169754,-0.013291888,8.25E-08,-0.505623564,106.6512337,106.6512337,106.6512337,106.6512337,0.000232752,43.30249977,43.30249977,43.30249977,43.30249977,2.81E-05,680.0000001,0.021121653,2,5.21E-06,1808.25,793.7250061,935.3500061,377.3499985,983.3939819,-69.84692097,0.029607642,0.029809852,0.029809852,0.029809852,3.36E-07,23.27952576,0.002138966,4.138899803,45.39260101,1850.45874,0
105,34,67.822,-32.74245834,-0.013766092,2.19E-08,-0.687908073,75.78811264,75.78811264,75.78811264,75.78811264,5.00E-05,44.9175005,44.9175005,44.9175005,44.9175005,3.12E-05,1857.500001,0.063804703,2,4.70E-06,1903,960.3999939,1047.625,266.3999977,1102.850952,26.28249848,0.004497066,0.004498048,0.004498048,0.004498048,8.88E-09,-35.18025208,0.000135134,-0.483859986,36.98280334,1856.824249,0
105,36.5,68.357,-35.71131897,-0.015231909,3.18E-08,-0.836044906,75.62895966,75.62895966,75.62895966,75.62895966,4.38E-05,46.27000046,46.27000046,46.27000046,46.27000046,3.17E-05,1828.5,0.024840682,2,2.66E-06,1912.5,1194.5,1228.5,338.6000061,900.2275085,-38.22036123,0.012587311,0.012603605,0.012603605,0.012603605,8.90E-09,-8.994579315,0.000454424,-2.971299887,35.89117432,1857.409973,0
105,37,64.794,-33.89601135,-0.017363134,4.53E-08,-0.89834653,76.63381577,76.63381577,76.63381577,76.63381577,5.02E-05,46.55000019,46.55000019,46.55000019,46.55000019,2.74E-05,1662.75,0.011805471,2,2.15E-06,1857.25,1243.75,1269.25,379.5000076,863.4920044,-28.30596471,0.012503269,0.012491776,0.012491776,0.012491776,1.73E-08,-40.34775162,0.00049742,-3.184400082,36.43868256,1855.702484,0
105.5,21,74.894,-12.8596611,-0.006357529,1.59E-08,-0.551707336,62.71425629,62.71425629,62.71425629,62.71425629,6.54E-05,36.37000084,36.37000084,36.37000084,36.37000084,1.96E-05,34.00000011,0.010242007,4,1.53E-06,1159,41.75499916,1160,220.9499969,507.3244934,-4.704525948,0.012486887,0.012513616,0.012513616,0.012513616,2.28E-08,-22.04300117,0.00030364,-7.541100025,27.68844604,1826.692505,0
105.5,28.5,55.315,-42.80890369,-0.021627458,4.97E-08,-0.78674371,163.0236359,163.0236359,163.0236359,163.0236359,0.000152205,44.33000183,44.33000183,44.33000183,44.33000183,1.13E-05,574.25,0.035029203,1,2.66E-06,1650,623.2999878,870.4000244,669.5,785.0020142,-1.898946166,0.017622011,0.017624565,0.017624565,0.017624565,3.27E-07,-27.4924984,0.000360497,0.933570027,55.01879692,1847.362061,0
105.5,30.5,70.119,-47.58694077,-0.025649951,5.40E-08,-0.891131598,150.9787292,150.9787292,150.9787292,150.9787292,0.000198443,43.81999969,43.81999969,43.81999969,43.81999969,2.15E-05,334.5000002,0.007576375,1,2.15E-06,1706,728,913.9000244,470.7000122,904.4342346,129.5643616,0.025369655,0.02534596,0.02534596,0.02534596,1.19E-08,174.8350067,0.001762217,5.728000164,55.03031635,1846.876953,0
105.5,31,52.484,-55.22404861,-0.0239016,7.67E-08,-0.843148553,138.6146317,138.6146317,138.6146317,138.6146317,0.00023706,42.53999901,42.53999901,42.53999901,42.53999901,2.10E-05,454.4999999,0.007995554,1,2.88E-06,1724.5,759.7000122,934.2000122,426.0500031,939.1984863,4.896240234,0.026040297,0.026167014,0.026167014,0.026167014,1.70E-08,246.6924896,0.000398023,6.027800083,51.87084007,1847.303955,0
105.5,31.5,76.804,-52.87617588,-0.020262164,9.64E-08,-0.728836158,126.2505341,126.2505341,126.2505341,126.2505341,0.000275676,41.25999832,41.25999832,41.25999832,41.25999832,2.04E-05,529.9999996,0.014186109,1,3.61E-06,1743,791.4000244,954.5,381.3999939,977.6407318,-119.7718811,0.026658023,0.026839118,0.026839118,0.026839118,1.39E-08,203.8524933,0.001720618,5.691699982,49.08712196,1847.730957,0
105.5,32,49.265,-50.52830315,-0.015762698,8.55E-08,-0.583370113,108.7542801,108.7542801,108.7542801,108.7542801,0.000254054,41.93499947,41.93499947,41.93499947,41.93499947,2.25E-05,654.0000004,0.023516233,1,4.35E-06,1764.5,827.9500122,977.75,342.6999969,1016.082977,-70.07937813,0.030503109,0.030686144,0.030686144,0.030686144,1.41E-07,75.83874512,0.002287019,4.807400227,46.30340385,1849.11499,0
105.5,32,58.08,-50.52830315,-0.015762698,8.55E-08,-0.583370113,108.7542801,108.7542801,108.7542801,108.7542801,0.000254054,41.93499947,41.93499947,41.93499947,41.93499947,2.25E-05,654.0000004,0.023516233,1,4.35E-06,1764.5,827.9500122,977.75,342.6999969,1016.082977,-70.07937813,0.030503109,0.030686144,0.030686144,0.030686144,1.41E-07,75.83874512,0.002287019,4.807400227,46.30340385,1849.11499,0
105.5,34,68.201,-33.77884293,-0.013415128,1.94E-08,-0.696863984,75.57892227,75.57892227,75.57892227,75.57892227,3.96E-05,43.53000069,43.53000069,43.53000069,43.53000069,2.82E-05,1833.250001,0.091711309,2,5.28E-06,1862.5,988,1085,222.2999954,1075.714478,60.3973608,0.004637763,0.004635108,0.004635108,0.004635108,8.76E-08,-21.44050026,0.000552485,0.038456,37.87429237,1855.485535,0
106,29,49.129,-51.51273346,-0.023245436,4.91E-08,-0.815783453,167.6685791,167.6685791,167.6685791,167.6685791,0.000105952,44.32250023,44.32250023,44.32250023,44.32250023,7.96E-06,274.4999997,0.013613785,1,1.12E-06,1615,688.625,926.1500092,601.8999939,851.6560059,35.02538362,0.021962233,0.021875284,0.021875284,0.021875284,3.07E-07,-33.40474701,0.000191503,2.087199926,57.85544968,1848.109283,0
106,29.5,58.461,-45.73309708,-0.02554014,3.57E-08,-0.849443534,168.2147827,168.2147827,168.2147827,168.2147827,9.90E-05,44.625,44.625,44.625,44.625,4.72E-06,651.7500024,0.130099699,1,5.62E-07,1628,715.8999939,933.1000061,549.75,880.1419983,61.11189651,0.02605596,0.025959413,0.025959413,0.025959413,2.06E-08,-34.81650162,0.000557555,3.559600115,59.93380356,1848.33252,0
106,30.5,58.37,-48.84557533,-0.027583529,2.92E-08,-0.892129209,153.0968246,153.0968246,153.0968246,153.0968246,0.000195797,43.25499916,43.25499916,43.25499916,43.25499916,2.05E-05,299.0000002,0.012105914,1,8.69E-07,1660.5,769.0499878,959.9500122,448.7000122,941.7749939,145.831871,0.02524537,0.025250006,0.025250006,0.025250006,8.37E-08,134.9329987,0.002154106,5.927400112,57.72391701,1847.446472,0
106,31,47.865,-57.73768997,-0.026105747,5.76E-08,-0.865650276,140.5121422,140.5121422,140.5121422,140.5121422,0.000236522,42.09249878,42.09249878,42.09249878,42.09249878,1.83E-05,368.0000001,0.006902607,1,1.74E-06,1679.75,799.4499969,979.1000061,401.2500076,974.9219971,30.42861843,0.025907417,0.026049225,0.026049225,0.026049225,1.88E-08,226.0050049,0.001101129,6.362500191,53.43567657,1847.637238,0
106,31.5,54.307,-53.89629936,-0.02232435,9.13E-08,-0.778906792,127.9274597,127.9274597,127.9274597,127.9274597,0.000277247,40.9299984,40.9299984,40.9299984,40.9299984,1.61E-05,371.7500002,0.010362843,1,2.61E-06,1699,829.8500061,998.25,353.8000031,1011.846985,-84.97463417,0.02651833,0.026694731,0.026694731,0.026694731,1.60E-08,214.5549927,0.00108108,6.133500099,50.32494164,1847.828003,0
106,34,65.386,-34.81522751,-0.013597482,2.08E-08,-0.728983951,75.64663696,75.64663696,75.64663696,75.64663696,4.49E-05,42.34000015,42.34000015,42.34000015,42.34000015,2.75E-05,1470.249999,0.035433372,2,5.87E-06,1822.5,1018.75,1124.25,180.3499985,1048.578003,42.95226574,0.004610294,0.004611346,0.004611346,0.004611346,4.88E-08,11.65846443,0.00065664,0.512440026,38.7657814,1855.719757,0
106,34.5,75.42,-30.81851673,-0.013875387,1.05E-08,-0.729331429,75.92179108,75.92179108,75.92179108,75.92179108,1.41E-05,42.55999947,42.55999947,42.55999947,42.55999947,2.84E-05,1351.749999,0.03056512,2,5.10E-06,1850.5,1060.5,1154,162.5499954,1003.742004,26.30739689,0.012900653,0.012903183,0.012903183,0.012903183,2.36E-07,-8.021427155,0.001035714,-0.296139985,37.49498177,1856.684998,0
106,36,66.671,-19.85362625,-0.012452689,2.49E-08,-0.70192205,76.22950172,76.22950172,76.22950172,76.22950172,1.76E-05,43.40750027,43.40750027,43.40750027,43.40750027,2.41E-05,2062.999999,0.042203331,2,2.78E-06,1906.75,1194.5,1257,239.0499992,874.1359863,-23.08017468,0.012847134,0.012881122,0.012881122,0.012881122,3.24E-08,25.47774887,0.000346024,-1.818300009,35.43026733,1860.593262,0
106.5,30,58.453,-45.8704071,-0.027361087,3.12E-08,-0.885647625,163.1009445,163.1009445,163.1009445,163.1009445,0.000137653,43.53999901,43.53999901,43.53999901,43.53999901,1.33E-05,483,0.031043737,1,0,1598,784.6499939,993.3500061,479.1499939,949.4049988,104.3880615,0.021936417,0.021853772,0.021853772,0.021853772,2.49E-07,-24.66205025,0.001238153,4.817800045,61.82195282,1848.384521,0
106.5,30.5,59.926,-51.2121315,-0.028250568,6.71E-09,-0.900201768,155.21492,155.21492,155.21492,155.21492,0.000193152,42.68999863,42.68999863,42.68999863,42.68999863,1.96E-05,401.2499998,0.007517707,1,6.52E-07,1615,810.0999756,1006,426.7000122,981.0904999,162.0993805,0.021154964,0.021154699,0.021154699,0.021154699,3.03E-07,65.73974609,0.00202933,5.924499989,58.82636547,1848.015991,0
106.5,32,51.842,-45.21291351,-0.017753292,9.71E-08,-0.681561223,111.8798828,111.8798828,111.8798828,111.8798828,0.000260657,40.65999985,40.65999985,40.65999985,40.65999985,1.62E-05,721.4999993,0.026046469,1,2.61E-06,1678.5,901.5,1064,280.8500061,1083.791016,-19.93107319,0.030230399,0.030329575,0.030329575,0.030329575,1.39E-07,119.8592529,0.001747714,5.600200176,49.63862991,1849.597046,0
106.5,35,53.551,-25.77110386,-0.013204374,3.34E-08,-0.702391456,75.18149948,75.18149948,75.18149948,75.18149948,2.07E-05,41.77999878,41.77999878,41.77999878,41.77999878,2.54E-05,1759.500001,0.10040959,2,3.81E-06,1842.5,1132.5,1224,139.5499954,932.0385132,11.63336992,0.016322852,0.016322603,0.016322603,0.016322603,1.27E-07,28.61349869,0.000763706,-0.500750005,36.8211937,1858.602478,0
106.5,41.5,75.536,-43.24967289,-0.020511743,3.55E-08,-0.719333335,84.60913849,84.60913849,84.60913849,84.60913849,3.72E-05,42.04999924,42.04999924,42.04999924,42.04999924,6.84E-06,1498,0.013503224,3,2.34E-06,1344,1750,1739,534.9000244,552.5917435,-6.808149815,0.013155562,0.013152223,0.013152223,0.013152223,7.51E-08,-50.25799942,0.000173595,-1.738800049,33.76739407,1856.772949,0
106.5,42,78.701,-37.65374756,-0.019068801,2.26E-08,-0.664939048,85.33953476,85.33953476,85.33953476,85.33953476,2.92E-05,41.56500053,41.56500053,41.56500053,41.56500053,9.82E-06,933,0.007863505,3,2.25E-06,1288.5,1800.5,1784.5,569.5,549.4669952,58.84098887,0.013649429,0.013642092,0.013642092,0.013642092,1.55E-08,-23.44149971,0.000644461,-1.786200047,33,1856.332947,0
107,30,62.143,-51.78735352,-0.026346295,4.99E-08,-0.901259577,165.0532646,165.0532646,165.0532646,165.0532646,0.000123063,43.22249985,43.22249985,43.22249985,43.22249985,1.45E-05,580.4999985,0.100940993,1,0,1552.25,827.1999969,1040.175003,467.2999954,990.1820068,64.13790655,0.022099733,0.022005191,0.022005191,0.022005191,1.76E-07,-37.48300171,0.00079977,4.53760004,61.6317482,1847.647003,0
107,30.5,59.496,-53.57868767,-0.027606439,2.77E-08,-0.91442124,158.057991,158.057991,158.057991,158.057991,0.000187611,42.32999992,42.32999992,42.32999992,42.32999992,2.02E-05,879.0000011,0.07064179,1,4.35E-07,1570,852.4499817,1052,413.5500031,1020.406006,67.39976025,0.013351868,0.013341166,0.013341166,0.013341166,4.13E-07,32.26307678,0.001544586,5.702400208,59.92881393,1847.58551,0
107,32,47.541,-40.37091827,-0.017811711,9.29E-08,-0.699058964,113.9951553,113.9951553,113.9951553,113.9951553,0.000271739,39.96749973,39.96749973,39.96749973,39.96749973,1.74E-05,814.5000006,0.079055506,1,1.74E-06,1635.75,940.1999969,1107.75,259.4500008,1118.810059,-20.27443552,0.030756144,0.030851395,0.030851395,0.030851395,1.46E-07,137.6000061,0.001606412,5.635700226,52.06305313,1850.012512,0
107,35,65.505,-24.72040176,-0.014455195,4.88E-08,-0.714494825,74.22404099,74.22404099,74.22404099,74.22404099,2.26E-05,40.50999928,40.50999928,40.50999928,40.50999928,2.65E-05,1301,0.042757244,2,3.29E-06,1805.25,1162.75,1262,103.5299978,905.1710205,0.982744455,0.013651911,0.01366852,0.01366852,0.01366852,5.04E-08,51.31549835,0.000276964,-0.139850006,37.41820526,1856.824249,0
107,35.5,56.656,-25.18941879,-0.012961857,3.39E-08,-0.628025889,73.88265991,73.88265991,73.88265991,73.88265991,2.49E-05,40.99499893,40.99499893,40.99499893,40.99499893,2.46E-05,1392.75,0.031092915,2,2.90E-06,1837.5,1204,1293,136.1999969,860.3995056,31.93970728,0.013483432,0.013484287,0.013484287,0.013484287,9.26E-09,37.10074997,0.00032885,-0.565729976,36.08632088,1858.444519,0
107,37.5,59.245,-51.34920502,-0.020913803,4.36E-08,-0.811270472,75.24658585,75.24658585,75.24658585,75.24658585,3.60E-05,43.74000168,43.74000168,43.74000168,43.74000168,1.37E-05,1505.25,0.010626631,2,6.28E-07,1784.5,1382,1433.5,330.25,694.2535095,-120.2413998,0.011460268,0.011443789,0.011443789,0.011443789,3.04E-09,-44.5842514,0.001111685,-1.619899988,35.28630638,1855.883484,0
107,37.5,56.134,-51.34920502,-0.020913803,4.36E-08,-0.811270472,75.24658585,75.24658585,75.24658585,75.24658585,3.60E-05,43.74000168,43.74000168,43.74000168,43.74000168,1.37E-05,1505.25,0.010626631,2,6.28E-07,1784.5,1382,1433.5,330.25,694.2535095,-120.2413998,0.011460268,0.011443789,0.011443789,0.011443789,3.04E-09,-44.5842514,0.001111685,-1.619899988,35.28630638,1855.883484,0
107,38,60.11,-61.21139908,-0.022521994,1.33E-08,-0.844677878,76.29661369,76.29661369,76.29661369,76.29661369,4.94E-05,43.57500076,43.57500076,43.57500076,43.57500076,1.51E-05,1420.75,0.005409832,2,0,1728.75,1428.75,1472.5,360.9249954,656.5170288,-75.77375841,0.011784672,0.011746751,0.011746751,0.011746751,1.23E-08,-75.55999756,0.000215208,-1.631899953,35.70332718,1855.731476,0
107,38.5,56.807,-42.25244904,-0.022458848,1.08E-08,-0.839721094,77.34664154,77.34664154,77.34664154,77.34664154,6.28E-05,43.40999985,43.40999985,43.40999985,43.40999985,1.65E-05,1382.75,0.00293585,2,7.43E-07,1673,1475.5,1511.5,391.5999908,624.4275208,-31.30611706,0.012150892,0.012134663,0.012134663,0.012134663,3.86E-09,-61.48825073,0.000501042,-1.508399963,36.44333458,1855.579468,0
107,41.5,64.583,-50.43727112,-0.01989191,4.86E-08,-0.684309262,82.81754684,82.81754684,82.81754684,82.81754684,4.63E-05,42.1099987,42.1099987,42.1099987,42.1099987,5.31E-06,1598.75,0.011137066,3,2.43E-06,1340.5,1768,1764.5,501.6500092,511.256485,3.911617041,0.016469041,0.016474288,0.016474288,0.016474288,3.14E-07,-46.29349899,0.00023546,-1.411200047,33.83018875,1855.766968,0
107,42,68.92,-32.14529419,-0.018171126,3.31E-08,-0.632707816,83.78877258,83.78877258,83.78877258,83.78877258,3.98E-05,41.80749989,41.80749989,41.80749989,41.80749989,8.81E-06,1121.25,0.009851199,3,2.25E-06,1285,1818.25,1809,537.9999924,508.2179871,66.70750225,0.013574821,0.01356986,0.01356986,0.01356986,2.48E-08,-27.14300156,0.000501576,-1.524799943,33,1855.466217,0
107.5,30,54.157,-44.62714386,-0.024199646,6.71E-08,-0.921186639,167.0055847,167.0055847,167.0055847,167.0055847,0.000108474,42.90500069,42.90500069,42.90500069,42.90500069,1.57E-05,327.250001,0.075679169,1,0,1506.5,869.75,1087,455.4499969,1032.362488,23.88775158,0.022280129,0.022188016,0.022188016,0.022188016,2.40E-07,-1.632649899,0.001053736,4.080299854,61.16402435,1846.909485,0
107.5,31.5,55.747,-46.71035957,-0.021755268,8.68E-08,-0.835778037,135.4534912,135.4534912,135.4534912,135.4534912,0.00029794,39.77999878,39.77999878,39.77999878,39.77999878,1.75E-05,670.7500008,0.080603152,1,6.52E-07,1568,948.7999878,1131,291.2999878,1114.32077,160.4999695,0.026883819,0.02691531,0.02691531,0.02691531,2.00E-07,202.5274963,0.000227972,5.973800182,54.35425186,1848.474976,0
107.5,32,47.92,-36.95511436,-0.017104356,8.25E-08,-0.704225155,116.1104279,116.1104279,116.1104279,116.1104279,0.000282821,39.27499962,39.27499962,39.27499962,39.27499962,1.86E-05,819.7500016,0.066947951,1,8.69E-07,1593,978.8999939,1151.5,238.0499954,1138.457031,-20.61779785,0.031303033,0.031400105,0.031400105,0.031400105,1.52E-07,162.6925049,0.001501202,5.412099838,51.24065971,1850.427979,0
107.5,35,62.983,-32.44609261,-0.016211715,5.02E-08,-0.727889295,73.26658249,73.26658249,73.26658249,73.26658249,2.46E-05,39.23999977,39.23999977,39.23999977,39.23999977,2.76E-05,1235.5,0.025264911,2,2.77E-06,1768,1193,1300,67.51000023,881.0420227,-9.667881012,0.014084179,0.014129341,0.014129341,0.014129341,9.84E-09,28.25915146,0.000945066,0.165920004,37.15743446,1855.046021,0
107.5,35.5,60.273,-30.11577702,-0.01437162,3.72E-08,-0.626975896,72.75840759,72.75840759,72.75840759,72.75840759,2.41E-05,39.77999878,39.77999878,39.77999878,39.77999878,2.66E-05,1269.750001,0.02169332,2,2.57E-06,1801,1233,1330,110,835.0387573,70.82211304,0.013871666,0.013895784,0.013895784,0.013895784,9.21E-09,3.936399221,0.001018467,-0.191960007,35.90584373,1856.993042,0
107.5,36,61.237,-27.78546143,-0.013905112,2.01E-08,-0.583970242,72.9585762,72.9585762,72.9585762,72.9585762,2.12E-05,40.71999931,40.71999931,40.71999931,40.71999931,2.40E-05,1374,0.027582455,2,2.38E-06,1836,1275.5,1363,160.0500031,789.0354919,23.04946136,0.012927152,0.012944158,0.012944158,0.012944158,2.93E-08,27.4103508,0.000870466,-0.482670009,34.65425301,1858.890991,0
107.5,37.5,57.993,-45.97525597,-0.020653241,4.26E-08,-0.773178969,73.82482147,73.82482147,73.82482147,73.82482147,3.29E-05,43.33000183,43.33000183,43.33000183,43.33000183,1.28E-05,1409.25,0.007428289,2,5.95E-07,1782,1407,1466,311.5,663.1527557,-183.7826538,0.01158182,0.011549421,0.011549421,0.011549421,3.75E-09,-6.875599861,0.001323552,-1.083799958,34.62707424,1856.901978,0
107.5,37.5,53.818,-45.97525597,-0.020653241,4.26E-08,-0.773178969,73.82482147,73.82482147,73.82482147,73.82482147,3.29E-05,43.33000183,43.33000183,43.33000183,43.33000183,1.28E-05,1409.25,0.007428289,2,5.95E-07,1782,1407,1466,311.5,663.1527557,-183.7826538,0.01158182,0.011549421,0.011549421,0.011549421,3.75E-09,-6.875599861,0.001323552,-1.083799958,34.62707424,1856.901978,0
107.5,38,56.564,-52.91379547,-0.022117576,2.26E-08,-0.811935119,74.29072571,74.29072571,74.29072571,74.29072571,5.10E-05,43.10000038,43.10000038,43.10000038,43.10000038,1.55E-05,1320.25,0.007856739,2,0,1726,1452.5,1504,329.8999939,623.7840271,-100.0008268,0.011924799,0.01187326,0.01187326,0.01187326,1.31E-08,-67.10250092,0.000442465,-1.086899996,34.85519791,1855.178467,0
108,31.5,50.949,-45.5502491,-0.019321,8.71E-08,-0.84306456,139.6256561,139.6256561,139.6256561,139.6256561,0.000308272,39.24499893,39.24499893,39.24499893,39.24499893,1.88E-05,1001.749999,0.065649149,1,0,1525.5,989.8999939,1176,287.7999878,1143.921509,100.8010979,0.023898612,0.02391071,0.02391071,0.02391071,2.04E-07,204.1500092,0.000343105,5.409200192,53.56403732,1849.914001,0
108,32,47.813,-33.53931046,-0.015694551,7.15E-08,-0.716208575,118.7781639,118.7781639,118.7781639,118.7781639,0.000301286,38.60749912,38.60749912,38.60749912,38.60749912,1.91E-05,812.5000017,0.076273023,1,0,1551.5,1018.949997,1195.75,233.5249939,1158.104004,-42.07936668,0.0265106,0.026579333,0.026579333,0.026579333,4.31E-07,172.7049866,0.001329279,4.948400021,50.4182663,1850.992249,0
108,36,66.844,-29.91248703,-0.0144159,8.45E-09,-0.581564397,72.11464691,72.11464691,72.11464691,72.11464691,2.43E-05,39.96999931,39.96999931,39.96999931,39.96999931,2.33E-05,1199.75,0.029145207,2,2.25E-06,1801.5,1305.75,1399.5,143.7900009,762.4429932,-3.700731039,0.012929678,0.012956049,0.012956049,0.012956049,2.68E-08,-11.72802544,0.001429485,-0.060899001,34.55406952,1858.855225,0
108,36.5,62.35,-33.2494545,-0.015246787,3.06E-08,-0.603809205,72.51307297,72.51307297,72.51307297,72.51307297,2.34E-05,41.03499985,41.03499985,41.03499985,41.03499985,2.15E-05,1425,0.012432998,2,1.69E-06,1837.5,1347,1431.5,196.4000015,717.7479858,-19.54627943,0.012365052,0.012365601,0.012365601,0.012365601,1.30E-08,70.3477478,0.00093454,-0.261920005,34.24134254,1860.97644,0
108,37.5,52.251,-40.60130692,-0.019729933,4.37E-08,-0.741994833,72.41322708,72.41322708,72.41322708,72.41322708,3.31E-05,42.71500015,42.71500015,42.71500015,42.71500015,1.34E-05,1477.5,0.023402439,2,5.62E-07,1780.5,1434,1500,281.9000015,632.052002,-141.8991432,0.011912694,0.011873973,0.011873973,0.011873973,1.16E-08,13.11400127,0.001495646,-0.547150016,33.9678421,1858.078979,0
108.5,34,68.801,-48.92182159,-0.019023449,4.03E-08,-0.853185644,73.4097023,73.4097023,73.4097023,73.4097023,7.95E-05,36.21000099,36.21000099,36.21000099,36.21000099,2.39E-05,1249.499999,0.162362576,1,3.15E-06,1628.5,1185,1325.5,17.60500145,936.0494995,-47.62431464,0.012345437,0.012417407,0.012417407,0.012417407,2.16E-07,-42.79049683,0.000463872,1.378000021,38.35807228,1852.898499,0
108.5,35,66.094,-40.22937012,-0.018254156,4.38E-08,-0.761772027,71.20877838,71.20877838,71.20877838,71.20877838,2.34E-05,37.125,37.125,37.125,37.125,2.50E-05,1410.25,0.042406826,2,2.77E-06,1695.5,1258,1377.5,21.04500008,836.0120239,-70.7808342,0.013454528,0.013520256,0.013520256,0.013520256,9.34E-09,-73.11125183,0.000869774,0.693910003,36.46299744,1853.726501,0
108.5,40,59.852,-27.07636261,-0.016566973,8.78E-08,-0.751986219,70.74154663,70.74154663,70.74154663,70.74154663,5.39E-05,40.92000008,40.92000008,40.92000008,40.92000008,1.07E-05,1255,0.007851108,2,3.70E-06,1501,1685.5,1721,308.0999908,426.5370026,-1.621082306,0.013158846,0.013212864,0.013212864,0.013212864,7.34E-09,155.6175079,0.00055562,0.262129992,35.66084099,1857.519531,0
109,34,70.285,-48.40806198,-0.018449236,4.73E-08,-0.84919195,77.37778473,77.37778473,77.37778473,77.37778473,0.000135804,35.31250095,35.31250095,35.31250095,35.31250095,1.83E-05,1026.500001,0.12845622,2,4.06E-06,1591.5,1221.75,1367.5,31.69750106,917.1430054,-23.78617971,0.01268063,0.012836392,0.012836392,0.012836392,2.63E-07,-41.4952507,0.000424088,1.360999942,36.84049225,1852.0755,0
109,34.5,72.168,-44.34750938,-0.019413195,2.28E-08,-0.837537014,73.1818161,73.1818161,73.1818161,73.1818161,6.39E-05,35.17500114,35.17500114,35.17500114,35.17500114,1.87E-05,388.25,0.00420027,2,3.67E-06,1625,1255.5,1391,-18.79500031,866.1270142,-57.47285557,0.014147669,0.014302716,0.014302716,0.014302716,6.22E-08,-33.07825089,0.00045718,1.108100057,36.43491173,1850.44751,0
109,35,66.45,-40.28695679,-0.017985676,4.26E-08,-0.779454879,71.24877548,71.24877548,71.24877548,71.24877548,4.97E-05,36.38749981,36.38749981,36.38749981,36.38749981,2.15E-05,811.5000006,0.04787919,2,3.29E-06,1660.5,1292.25,1417.5,20.74999988,815.1110229,-57.87883997,0.013742295,0.013880184,0.013880184,0.013880184,1.03E-08,-76.28450012,0.000858586,0.96243,36.02933121,1852.730499,0
109,37.5,65.811,-32.27293777,-0.017084537,3.43E-08,-0.700166232,69.89472961,69.89472961,69.89472961,69.89472961,2.83E-05,41.51499939,41.51499939,41.51499939,41.51499939,9.61E-06,1402.000002,0.074861059,2,1.99E-06,1779.5,1489.5,1569,208.3499985,575.8334961,-77.54375076,0.012426776,0.012418773,0.012418773,0.012418773,4.25E-09,3.37650013,0.00148918,0.437880009,32.24840355,1860.843994,0
109,38,66.353,-37.64231873,-0.01734284,4.40E-08,-0.737253017,69.48407555,69.48407555,69.48407555,69.48407555,3.96E-05,41.04749966,41.04749966,41.04749966,41.04749966,1.05E-05,1155,0.01983401,2,1.82E-06,1724,1532.25,1604,214.0000038,531.2349854,-40.24447727,0.012668898,0.012667723,0.012667723,0.012667723,8.67E-09,-94.32224274,0.000977176,0.423819989,32.13417816,1858.578766,0
109.5,34.5,68.351,-40.2276063,-0.017919342,4.35E-08,-0.812795475,74.62010956,74.62010956,74.62010956,74.62010956,0.000107536,34.13000107,34.13000107,34.13000107,34.13000107,1.12E-05,360.0000001,0.016586573,2,4.39E-06,1589,1291,1432,-7.320000172,849.8657532,-19.91652107,0.014459395,0.014600601,0.014600601,0.014600601,6.25E-08,0.378525019,0.000886871,1.262899995,34.97165394,1849.916992,0
109.5,36.5,63.857,-26.2626977,-0.013640157,2.29E-08,-0.603606232,68.08359528,68.08359528,68.08359528,68.08359528,5.64E-05,39.61999893,39.61999893,39.61999893,39.61999893,1.73E-05,1182.75,0.020874508,2,2.67E-06,1739,1438,1541,145.6999969,647.2632599,77.76028442,0.012976329,0.012973999,0.012973999,0.012973999,5.78E-09,10.73799992,0.000829571,1.075399995,32.60695601,1860.175049,0
109.5,37,65.505,-34.08840179,-0.014795534,3.35E-08,-0.642997669,68.43571091,68.43571091,68.43571091,68.43571091,3.99E-05,40.27499962,40.27499962,40.27499962,40.27499962,1.13E-05,1319,0.021164121,2,2.69E-06,1759.5,1478,1572.5,155.0499954,598.1495056,11.34420776,0.012738281,0.012698324,0.012698324,0.012698324,4.16E-09,40.26799774,0.000687991,0.953980029,31.89236164,1861.303528,0
109.5,39.5,64.033,-22.58683395,-0.010307017,7.82E-08,-0.731295922,70.16571808,70.16571808,70.16571808,70.16571808,7.10E-05,40.18999863,40.18999863,40.18999863,40.18999863,1.08E-05,1420.75,0.015270942,3,3.45E-06,1558,1689,1744,202.6999969,386.5445023,114.179924,0.013034697,0.013077117,0.013077117,0.013077117,3.37E-09,99.86825562,0.001408106,0.802690029,33.30807018,1860.219971,0
110,37,62.791,-41.27324677,-0.013343144,4.33E-08,-0.63543584,66.46554279,66.46554279,66.46554279,66.46554279,5.89E-05,40.39750004,40.39750004,40.39750004,40.39750004,1.26E-05,989.9999995,0.021693235,2,3.21E-06,1739.5,1509.75,1609.75,114.0999966,575.8670044,28.26249981,0.012723801,0.012713615,0.012713615,0.012713615,4.02E-09,10.00245094,0.00062029,1.317800045,31.42209435,1860.78125,0
110,37.5,67.429,-38.73111534,-0.013739282,5.16E-08,-0.685773853,67.98562622,67.98562622,67.98562622,67.98562622,5.79E-05,41.09000015,41.09000015,41.09000015,41.09000015,6.48E-06,1092.250001,0.011756493,2,3.42E-06,1771,1549,1640.5,121.0549965,527.5319977,33.34862137,0.012550573,0.01255603,0.01255603,0.01255603,1.94E-09,-0.340599954,0.000276336,1.190400004,31.07299709,1861.656006,0
110,38,68.143,-36.18898392,-0.012987633,6.38E-08,-0.730894025,71.69457436,71.69457436,71.69457436,71.69457436,6.65E-05,40.69750023,40.69750023,40.69750023,40.69750023,4.69E-06,1040,0.015171134,2,3.63E-06,1721.25,1590,1673.5,127.4349995,479.196991,11.05440378,0.012943721,0.01294723,0.01294723,0.01294723,1.67E-08,-20.71442413,0.001102551,1.100299954,30.72389984,1861.018768,0
110.5,35.5,67.594,-30.57489061,-0.011965116,5.21E-08,-0.660479953,64.60861206,64.60861206,64.60861206,64.60861206,9.90E-05,37.58000183,37.58000183,37.58000183,37.58000183,1.83E-05,387.0000004,0.015874921,2,3.41E-06,1597,1432,1563,6.440000057,715.0735016,171.0945892,0.012896459,0.01291131,0.01291131,0.01291131,2.80E-08,94.80400085,0.001260954,1.83920002,31.52177143,1852.019043,0
110.5,36,71.004,-23.1283474,-0.011035994,4.46E-08,-0.608260309,63.20796776,63.20796776,63.20796776,63.20796776,8.12E-05,38.68500137,38.68500137,38.68500137,38.68500137,1.93E-05,586.2499981,0.050210915,2,2.78E-06,1637,1467.5,1590,37.5149982,662.2275085,69.84353065,0.012699905,0.012713679,0.012713679,0.012713679,3.28E-08,62.93574524,0.001365111,1.840000033,31.02816105,1855.828491,0
110.5,37.5,68.544,-29.70486689,-0.01103726,7.09E-08,-0.673092045,67.1834259,67.1834259,67.1834259,67.1834259,9.24E-05,41.25,41.25,41.25,41.25,7.65E-06,1020.25,0.019922671,2,3.27E-06,1762,1580,1677,77.70999908,508.5374985,121.7691116,0.012491732,0.012466393,0.012466393,0.012466393,2.64E-09,-1.549824715,0.000374849,1.44509995,29.78810644,1860.880005,0
110.5,38,68.3,-29.32649422,-0.010059021,7.78E-08,-0.736948799,73.96016693,73.96016693,73.96016693,73.96016693,8.47E-05,40.87000084,40.87000084,40.87000084,40.87000084,4.42E-06,813.250001,0.03729484,2,3.44E-06,1718,1620,1709,84.11999893,458.4619904,40.46537971,0.013056814,0.013037479,0.013037479,0.013037479,2.49E-08,25.87324905,0.000873284,1.306499958,29.62335873,1861.14801,0
111,36.5,63.94,-26.20423031,-0.008300818,6.35E-08,-0.538685768,59.36965752,59.36965752,59.36965752,59.36965752,5.51E-05,40.76000023,40.76000023,40.76000023,40.76000023,2.10E-05,1074,0.024151325,2,2.90E-06,1648,1537.5,1656,22.74499798,594.417511,6.04848671,0.011912655,0.011890773,0.011890773,0.011890773,4.20E-08,30.12459946,0.001270464,1.950500011,29.325634,1857.978943,0
111,37.5,67.447,-20.67861843,-0.007707665,7.96E-08,-0.625688643,64.81446075,64.81446075,64.81446075,64.81446075,0.00010584,41.70499992,41.70499992,41.70499992,41.70499992,9.90E-06,1089.750001,0.051343799,2,3.13E-06,1734.5,1612,1714,28.5899992,489.5429993,62.51328373,0.012008197,0.011928766,0.011928766,0.011928766,3.15E-08,-8.247924805,0.000741951,1.608100057,28.50321579,1860.246033,0
111,37.5,66.551,-20.67861843,-0.007707665,7.96E-08,-0.625688643,64.81446075,64.81446075,64.81446075,64.81446075,0.00010584,41.70499992,41.70499992,41.70499992,41.70499992,9.90E-06,1089.750001,0.051343799,2,3.13E-06,1734.5,1612,1714,28.5899992,489.5429993,62.51328373,0.012008197,0.011928766,0.011928766,0.011928766,3.15E-08,-8.247924805,0.000741951,1.608100057,28.50321579,1860.246033,0
113,34.5,52.547,-14.80574584,-0.008190078,4.03E-08,-0.5420176,68.22251129,68.22251129,68.22251129,68.22251129,0.000140774,33.03000069,33.03000069,33.03000069,33.03000069,2.55E-05,684.2499989,0.139402758,3,1.67E-06,1361.5,1418,1443.5,134.3499985,787.9369812,-56.11742592,0.015058722,0.015158124,0.015158124,0.015158124,4.84E-08,-25.61777496,0.000959464,1.432399988,28.32935047,1852.14502,0
